<?xml version="1.0" encoding="UTF-8"?>
<spirit:component xmlns:xilinx="http://www.xilinx.com" xmlns:spirit="http://www.spiritconsortium.org/XMLSchema/SPIRIT/1685-2009" xmlns:xsi="http://www.w3.org/2001/XMLSchema-instance">
  <spirit:vendor>xilinx.com</spirit:vendor>
  <spirit:library>user</spirit:library>
  <spirit:name>oleds</spirit:name>
  <spirit:version>1.0</spirit:version>
  <spirit:busInterfaces>
    <spirit:busInterface>
      <spirit:name>rstn</spirit:name>
      <spirit:busType spirit:vendor="xilinx.com" spirit:library="signal" spirit:name="reset" spirit:version="1.0"/>
      <spirit:abstractionType spirit:vendor="xilinx.com" spirit:library="signal" spirit:name="reset_rtl" spirit:version="1.0"/>
      <spirit:slave/>
      <spirit:portMaps>
        <spirit:portMap>
          <spirit:logicalPort>
            <spirit:name>RST</spirit:name>
          </spirit:logicalPort>
          <spirit:physicalPort>
            <spirit:name>rstn</spirit:name>
          </spirit:physicalPort>
        </spirit:portMap>
      </spirit:portMaps>
      <spirit:parameters>
        <spirit:parameter>
          <spirit:name>POLARITY</spirit:name>
          <spirit:value spirit:id="BUSIFPARAM_VALUE.RSTN.POLARITY" spirit:choiceRef="choice_list_9d8b0d81">ACTIVE_LOW</spirit:value>
        </spirit:parameter>
      </spirit:parameters>
    </spirit:busInterface>
    <spirit:busInterface>
      <spirit:name>clk</spirit:name>
      <spirit:busType spirit:vendor="xilinx.com" spirit:library="signal" spirit:name="clock" spirit:version="1.0"/>
      <spirit:abstractionType spirit:vendor="xilinx.com" spirit:library="signal" spirit:name="clock_rtl" spirit:version="1.0"/>
      <spirit:slave/>
      <spirit:portMaps>
        <spirit:portMap>
          <spirit:logicalPort>
            <spirit:name>CLK</spirit:name>
          </spirit:logicalPort>
          <spirit:physicalPort>
            <spirit:name>clk</spirit:name>
          </spirit:physicalPort>
        </spirit:portMap>
      </spirit:portMaps>
      <spirit:parameters>
        <spirit:parameter>
          <spirit:name>ASSOCIATED_RESET</spirit:name>
          <spirit:value spirit:id="BUSIFPARAM_VALUE.CLK.ASSOCIATED_RESET">rstn</spirit:value>
        </spirit:parameter>
      </spirit:parameters>
    </spirit:busInterface>
  </spirit:busInterfaces>
  <spirit:model>
    <spirit:views>
      <spirit:view>
        <spirit:name>xilinx_anylanguagesynthesis</spirit:name>
        <spirit:displayName>Synthesis</spirit:displayName>
        <spirit:envIdentifier>:vivado.xilinx.com:synthesis</spirit:envIdentifier>
        <spirit:language>Verilog</spirit:language>
        <spirit:modelName>top</spirit:modelName>
        <spirit:fileSetRef>
          <spirit:localName>xilinx_anylanguagesynthesis_xilinx_com_ip_blk_mem_gen_8_4__ref_view_fileset</spirit:localName>
        </spirit:fileSetRef>
        <spirit:fileSetRef>
          <spirit:localName>xilinx_anylanguagesynthesis_view_fileset</spirit:localName>
        </spirit:fileSetRef>
        <spirit:parameters>
          <spirit:parameter>
            <spirit:name>viewChecksum</spirit:name>
            <spirit:value>37af3833</spirit:value>
          </spirit:parameter>
        </spirit:parameters>
      </spirit:view>
      <spirit:view>
        <spirit:name>xilinx_anylanguagebehavioralsimulation</spirit:name>
        <spirit:displayName>Simulation</spirit:displayName>
        <spirit:envIdentifier>:vivado.xilinx.com:simulation</spirit:envIdentifier>
        <spirit:language>Verilog</spirit:language>
        <spirit:modelName>top</spirit:modelName>
        <spirit:fileSetRef>
          <spirit:localName>xilinx_anylanguagebehavioralsimulation_xilinx_com_ip_blk_mem_gen_8_4__ref_view_fileset</spirit:localName>
        </spirit:fileSetRef>
        <spirit:fileSetRef>
          <spirit:localName>xilinx_anylanguagebehavioralsimulation_view_fileset</spirit:localName>
        </spirit:fileSetRef>
        <spirit:parameters>
          <spirit:parameter>
            <spirit:name>viewChecksum</spirit:name>
            <spirit:value>37af3833</spirit:value>
          </spirit:parameter>
        </spirit:parameters>
      </spirit:view>
      <spirit:view>
        <spirit:name>xilinx_xpgui</spirit:name>
        <spirit:displayName>UI Layout</spirit:displayName>
        <spirit:envIdentifier>:vivado.xilinx.com:xgui.ui</spirit:envIdentifier>
        <spirit:fileSetRef>
          <spirit:localName>xilinx_xpgui_view_fileset</spirit:localName>
        </spirit:fileSetRef>
        <spirit:parameters>
          <spirit:parameter>
            <spirit:name>viewChecksum</spirit:name>
            <spirit:value>f64a5dae</spirit:value>
          </spirit:parameter>
        </spirit:parameters>
      </spirit:view>
    </spirit:views>
    <spirit:ports>
      <spirit:port>
        <spirit:name>clk</spirit:name>
        <spirit:wire>
          <spirit:direction>in</spirit:direction>
          <spirit:wireTypeDefs>
            <spirit:wireTypeDef>
              <spirit:typeName>std_logic</spirit:typeName>
              <spirit:viewNameRef>xilinx_anylanguagesynthesis</spirit:viewNameRef>
              <spirit:viewNameRef>xilinx_anylanguagebehavioralsimulation</spirit:viewNameRef>
            </spirit:wireTypeDef>
          </spirit:wireTypeDefs>
        </spirit:wire>
      </spirit:port>
      <spirit:port>
        <spirit:name>rstn</spirit:name>
        <spirit:wire>
          <spirit:direction>in</spirit:direction>
          <spirit:wireTypeDefs>
            <spirit:wireTypeDef>
              <spirit:typeName>std_logic</spirit:typeName>
              <spirit:viewNameRef>xilinx_anylanguagesynthesis</spirit:viewNameRef>
              <spirit:viewNameRef>xilinx_anylanguagebehavioralsimulation</spirit:viewNameRef>
            </spirit:wireTypeDef>
          </spirit:wireTypeDefs>
        </spirit:wire>
      </spirit:port>
      <spirit:port>
        <spirit:name>actual_note</spirit:name>
        <spirit:wire>
          <spirit:direction>in</spirit:direction>
          <spirit:vector>
            <spirit:left spirit:format="long">23</spirit:left>
            <spirit:right spirit:format="long">0</spirit:right>
          </spirit:vector>
          <spirit:wireTypeDefs>
            <spirit:wireTypeDef>
              <spirit:typeName>std_logic_vector</spirit:typeName>
              <spirit:viewNameRef>xilinx_anylanguagesynthesis</spirit:viewNameRef>
              <spirit:viewNameRef>xilinx_anylanguagebehavioralsimulation</spirit:viewNameRef>
            </spirit:wireTypeDef>
          </spirit:wireTypeDefs>
        </spirit:wire>
      </spirit:port>
      <spirit:port>
        <spirit:name>btnC</spirit:name>
        <spirit:wire>
          <spirit:direction>in</spirit:direction>
          <spirit:wireTypeDefs>
            <spirit:wireTypeDef>
              <spirit:typeName>std_logic</spirit:typeName>
              <spirit:viewNameRef>xilinx_anylanguagesynthesis</spirit:viewNameRef>
              <spirit:viewNameRef>xilinx_anylanguagebehavioralsimulation</spirit:viewNameRef>
            </spirit:wireTypeDef>
          </spirit:wireTypeDefs>
        </spirit:wire>
      </spirit:port>
      <spirit:port>
        <spirit:name>btnU</spirit:name>
        <spirit:wire>
          <spirit:direction>in</spirit:direction>
          <spirit:wireTypeDefs>
            <spirit:wireTypeDef>
              <spirit:typeName>std_logic</spirit:typeName>
              <spirit:viewNameRef>xilinx_anylanguagesynthesis</spirit:viewNameRef>
              <spirit:viewNameRef>xilinx_anylanguagebehavioralsimulation</spirit:viewNameRef>
            </spirit:wireTypeDef>
          </spirit:wireTypeDefs>
        </spirit:wire>
      </spirit:port>
      <spirit:port>
        <spirit:name>btnD</spirit:name>
        <spirit:wire>
          <spirit:direction>in</spirit:direction>
          <spirit:wireTypeDefs>
            <spirit:wireTypeDef>
              <spirit:typeName>std_logic</spirit:typeName>
              <spirit:viewNameRef>xilinx_anylanguagesynthesis</spirit:viewNameRef>
              <spirit:viewNameRef>xilinx_anylanguagebehavioralsimulation</spirit:viewNameRef>
            </spirit:wireTypeDef>
          </spirit:wireTypeDefs>
        </spirit:wire>
      </spirit:port>
      <spirit:port>
        <spirit:name>oled_sdin</spirit:name>
        <spirit:wire>
          <spirit:direction>out</spirit:direction>
          <spirit:wireTypeDefs>
            <spirit:wireTypeDef>
              <spirit:typeName>std_logic</spirit:typeName>
              <spirit:viewNameRef>xilinx_anylanguagesynthesis</spirit:viewNameRef>
              <spirit:viewNameRef>xilinx_anylanguagebehavioralsimulation</spirit:viewNameRef>
            </spirit:wireTypeDef>
          </spirit:wireTypeDefs>
        </spirit:wire>
      </spirit:port>
      <spirit:port>
        <spirit:name>oled_sclk</spirit:name>
        <spirit:wire>
          <spirit:direction>out</spirit:direction>
          <spirit:wireTypeDefs>
            <spirit:wireTypeDef>
              <spirit:typeName>std_logic</spirit:typeName>
              <spirit:viewNameRef>xilinx_anylanguagesynthesis</spirit:viewNameRef>
              <spirit:viewNameRef>xilinx_anylanguagebehavioralsimulation</spirit:viewNameRef>
            </spirit:wireTypeDef>
          </spirit:wireTypeDefs>
        </spirit:wire>
      </spirit:port>
      <spirit:port>
        <spirit:name>oled_dc</spirit:name>
        <spirit:wire>
          <spirit:direction>out</spirit:direction>
          <spirit:wireTypeDefs>
            <spirit:wireTypeDef>
              <spirit:typeName>std_logic</spirit:typeName>
              <spirit:viewNameRef>xilinx_anylanguagesynthesis</spirit:viewNameRef>
              <spirit:viewNameRef>xilinx_anylanguagebehavioralsimulation</spirit:viewNameRef>
            </spirit:wireTypeDef>
          </spirit:wireTypeDefs>
        </spirit:wire>
      </spirit:port>
      <spirit:port>
        <spirit:name>oled_res</spirit:name>
        <spirit:wire>
          <spirit:direction>out</spirit:direction>
          <spirit:wireTypeDefs>
            <spirit:wireTypeDef>
              <spirit:typeName>std_logic</spirit:typeName>
              <spirit:viewNameRef>xilinx_anylanguagesynthesis</spirit:viewNameRef>
              <spirit:viewNameRef>xilinx_anylanguagebehavioralsimulation</spirit:viewNameRef>
            </spirit:wireTypeDef>
          </spirit:wireTypeDefs>
        </spirit:wire>
      </spirit:port>
      <spirit:port>
        <spirit:name>oled_vbat</spirit:name>
        <spirit:wire>
          <spirit:direction>out</spirit:direction>
          <spirit:wireTypeDefs>
            <spirit:wireTypeDef>
              <spirit:typeName>std_logic</spirit:typeName>
              <spirit:viewNameRef>xilinx_anylanguagesynthesis</spirit:viewNameRef>
              <spirit:viewNameRef>xilinx_anylanguagebehavioralsimulation</spirit:viewNameRef>
            </spirit:wireTypeDef>
          </spirit:wireTypeDefs>
        </spirit:wire>
      </spirit:port>
      <spirit:port>
        <spirit:name>oled_vdd</spirit:name>
        <spirit:wire>
          <spirit:direction>out</spirit:direction>
          <spirit:wireTypeDefs>
            <spirit:wireTypeDef>
              <spirit:typeName>std_logic</spirit:typeName>
              <spirit:viewNameRef>xilinx_anylanguagesynthesis</spirit:viewNameRef>
              <spirit:viewNameRef>xilinx_anylanguagebehavioralsimulation</spirit:viewNameRef>
            </spirit:wireTypeDef>
          </spirit:wireTypeDefs>
        </spirit:wire>
      </spirit:port>
    </spirit:ports>
  </spirit:model>
  <spirit:choices>
    <spirit:choice>
      <spirit:name>choice_list_9d8b0d81</spirit:name>
      <spirit:enumeration>ACTIVE_HIGH</spirit:enumeration>
      <spirit:enumeration>ACTIVE_LOW</spirit:enumeration>
    </spirit:choice>
  </spirit:choices>
  <spirit:fileSets>
    <spirit:fileSet>
      <spirit:name>xilinx_anylanguagesynthesis_view_fileset</spirit:name>
      <spirit:file>
        <spirit:name>src/init_sequence.coe</spirit:name>
        <spirit:userFileType>coe</spirit:userFileType>
        <spirit:userFileType>IMPORTED_FILE</spirit:userFileType>
      </spirit:file>
      <spirit:file>
        <spirit:name>src/characterLib.coe</spirit:name>
        <spirit:userFileType>coe</spirit:userFileType>
        <spirit:userFileType>IMPORTED_FILE</spirit:userFileType>
      </spirit:file>
      <spirit:file>
        <spirit:name>src/init_sequence_rom/init_sequence_rom.xci</spirit:name>
        <spirit:userFileType>xci</spirit:userFileType>
        <spirit:userFileType>IMPORTED_FILE</spirit:userFileType>
      </spirit:file>
      <spirit:file>
        <spirit:name>src/pixel_buffer/pixel_buffer.xci</spirit:name>
        <spirit:userFileType>xci</spirit:userFileType>
        <spirit:userFileType>IMPORTED_FILE</spirit:userFileType>
      </spirit:file>
      <spirit:file>
        <spirit:name>src/charLib/charLib.xci</spirit:name>
        <spirit:userFileType>xci</spirit:userFileType>
        <spirit:userFileType>IMPORTED_FILE</spirit:userFileType>
      </spirit:file>
      <spirit:file>
        <spirit:name>src/OLEDCtrl.v</spirit:name>
        <spirit:fileType>verilogSource</spirit:fileType>
        <spirit:userFileType>IMPORTED_FILE</spirit:userFileType>
      </spirit:file>
      <spirit:file>
        <spirit:name>src/SpiCtrl.v</spirit:name>
        <spirit:fileType>verilogSource</spirit:fileType>
        <spirit:userFileType>IMPORTED_FILE</spirit:userFileType>
      </spirit:file>
      <spirit:file>
        <spirit:name>src/debouncer.v</spirit:name>
        <spirit:fileType>verilogSource</spirit:fileType>
        <spirit:userFileType>IMPORTED_FILE</spirit:userFileType>
      </spirit:file>
      <spirit:file>
        <spirit:name>src/delay_ms.v</spirit:name>
        <spirit:fileType>verilogSource</spirit:fileType>
        <spirit:userFileType>IMPORTED_FILE</spirit:userFileType>
      </spirit:file>
      <spirit:file>
        <spirit:name>src/top.v</spirit:name>
        <spirit:fileType>verilogSource</spirit:fileType>
        <spirit:userFileType>CHECKSUM_eb1288f2</spirit:userFileType>
        <spirit:userFileType>IMPORTED_FILE</spirit:userFileType>
      </spirit:file>
    </spirit:fileSet>
    <spirit:fileSet>
      <spirit:name>xilinx_anylanguagesynthesis_xilinx_com_ip_blk_mem_gen_8_4__ref_view_fileset</spirit:name>
      <spirit:vendorExtensions>
        <xilinx:subCoreRef>
          <xilinx:componentRef xsi:type="xilinx:componentRefType" xilinx:vendor="xilinx.com" xilinx:library="ip" xilinx:name="blk_mem_gen" xilinx:version="8.4">
            <xilinx:mode xilinx:name="create_mode"/>
          </xilinx:componentRef>
        </xilinx:subCoreRef>
      </spirit:vendorExtensions>
    </spirit:fileSet>
    <spirit:fileSet>
      <spirit:name>xilinx_anylanguagebehavioralsimulation_view_fileset</spirit:name>
      <spirit:file>
        <spirit:name>src/init_sequence.coe</spirit:name>
        <spirit:userFileType>coe</spirit:userFileType>
        <spirit:userFileType>IMPORTED_FILE</spirit:userFileType>
      </spirit:file>
      <spirit:file>
        <spirit:name>src/characterLib.coe</spirit:name>
        <spirit:userFileType>coe</spirit:userFileType>
        <spirit:userFileType>IMPORTED_FILE</spirit:userFileType>
      </spirit:file>
      <spirit:file>
        <spirit:name>src/init_sequence_rom/init_sequence_rom.xci</spirit:name>
        <spirit:userFileType>xci</spirit:userFileType>
        <spirit:userFileType>IMPORTED_FILE</spirit:userFileType>
      </spirit:file>
      <spirit:file>
        <spirit:name>src/pixel_buffer/pixel_buffer.xci</spirit:name>
        <spirit:userFileType>xci</spirit:userFileType>
        <spirit:userFileType>IMPORTED_FILE</spirit:userFileType>
      </spirit:file>
      <spirit:file>
        <spirit:name>src/charLib/charLib.xci</spirit:name>
        <spirit:userFileType>xci</spirit:userFileType>
        <spirit:userFileType>IMPORTED_FILE</spirit:userFileType>
      </spirit:file>
      <spirit:file>
        <spirit:name>src/OLEDCtrl.v</spirit:name>
        <spirit:fileType>verilogSource</spirit:fileType>
        <spirit:userFileType>IMPORTED_FILE</spirit:userFileType>
      </spirit:file>
      <spirit:file>
        <spirit:name>src/SpiCtrl.v</spirit:name>
        <spirit:fileType>verilogSource</spirit:fileType>
        <spirit:userFileType>IMPORTED_FILE</spirit:userFileType>
      </spirit:file>
      <spirit:file>
        <spirit:name>src/debouncer.v</spirit:name>
        <spirit:fileType>verilogSource</spirit:fileType>
        <spirit:userFileType>IMPORTED_FILE</spirit:userFileType>
      </spirit:file>
      <spirit:file>
        <spirit:name>src/delay_ms.v</spirit:name>
        <spirit:fileType>verilogSource</spirit:fileType>
        <spirit:userFileType>IMPORTED_FILE</spirit:userFileType>
      </spirit:file>
      <spirit:file>
        <spirit:name>src/top.v</spirit:name>
        <spirit:fileType>verilogSource</spirit:fileType>
        <spirit:userFileType>IMPORTED_FILE</spirit:userFileType>
      </spirit:file>
    </spirit:fileSet>
    <spirit:fileSet>
      <spirit:name>xilinx_anylanguagebehavioralsimulation_xilinx_com_ip_blk_mem_gen_8_4__ref_view_fileset</spirit:name>
      <spirit:vendorExtensions>
        <xilinx:subCoreRef>
          <xilinx:componentRef xilinx:vendor="xilinx.com" xilinx:library="ip" xilinx:name="blk_mem_gen" xilinx:version="8.4">
            <xilinx:mode xilinx:name="create_mode"/>
          </xilinx:componentRef>
        </xilinx:subCoreRef>
      </spirit:vendorExtensions>
    </spirit:fileSet>
    <spirit:fileSet>
      <spirit:name>xilinx_xpgui_view_fileset</spirit:name>
      <spirit:file>
        <spirit:name>xgui/oleds_v1_0.tcl</spirit:name>
        <spirit:fileType>tclSource</spirit:fileType>
        <spirit:userFileType>CHECKSUM_f64a5dae</spirit:userFileType>
        <spirit:userFileType>XGUI_VERSION_2</spirit:userFileType>
      </spirit:file>
    </spirit:fileSet>
  </spirit:fileSets>
  <spirit:description>its oleds</spirit:description>
  <spirit:parameters>
    <spirit:parameter>
      <spirit:name>Component_Name</spirit:name>
      <spirit:value spirit:resolve="user" spirit:id="PARAM_VALUE.Component_Name" spirit:order="1">oleds_v1_0</spirit:value>
    </spirit:parameter>
  </spirit:parameters>
  <spirit:vendorExtensions>
    <xilinx:coreExtensions>
      <xilinx:supportedFamilies>
        <xilinx:family xilinx:lifeCycle="Production">artix7</xilinx:family>
      </xilinx:supportedFamilies>
      <xilinx:taxonomies>
        <xilinx:taxonomy>/UserIP</xilinx:taxonomy>
      </xilinx:taxonomies>
      <xilinx:displayName>oleds</xilinx:displayName>
      <xilinx:definitionSource>package_project</xilinx:definitionSource>
      <xilinx:xpmLibraries>
        <xilinx:xpmLibrary>XPM_MEMORY</xilinx:xpmLibrary>
      </xilinx:xpmLibraries>
      <xilinx:coreRevision>5</xilinx:coreRevision>
      <xilinx:upgrades>
        <xilinx:canUpgradeFrom>xilinx.com:user:top:1.0</xilinx:canUpgradeFrom>
      </xilinx:upgrades>
      <xilinx:coreCreationDateTime>2025-03-30T21:26:34Z</xilinx:coreCreationDateTime>
      <xilinx:tags>
        <xilinx:tag xilinx:name="ui.data.coregen.dd@1a769e20_ARCHIVE_LOCATION">c:/Users/jenni/Downloads/ip_repo_oleds</xilinx:tag>
        <xilinx:tag xilinx:name="ui.data.coregen.dd@2ae71e54_ARCHIVE_LOCATION">c:/Users/jenni/Downloads/ip_repo_oleds</xilinx:tag>
        <xilinx:tag xilinx:name="ui.data.coregen.dd@56c52262_ARCHIVE_LOCATION">c:/Users/jenni/Downloads/ip_repo_oleds</xilinx:tag>
        <xilinx:tag xilinx:name="ui.data.coregen.dd@73664ddd_ARCHIVE_LOCATION">c:/Users/jenni/Downloads/ip_repo_oleds</xilinx:tag>
        <xilinx:tag xilinx:name="ui.data.coregen.dd@3abff852_ARCHIVE_LOCATION">c:/Users/jenni/Downloads/ip_repo_oleds</xilinx:tag>
        <xilinx:tag xilinx:name="ui.data.coregen.dd@27408055_ARCHIVE_LOCATION">c:/Users/jenni/Downloads/ip_repo_oleds</xilinx:tag>
        <xilinx:tag xilinx:name="ui.data.coregen.dd@22789a2b_ARCHIVE_LOCATION">c:/Users/jenni/Downloads/ip_repo_oleds</xilinx:tag>
        <xilinx:tag xilinx:name="ui.data.coregen.dd@2a29027f_ARCHIVE_LOCATION">c:/Users/jenni/Downloads/ip_repo_oleds</xilinx:tag>
        <xilinx:tag xilinx:name="ui.data.coregen.dd@377a9eb1_ARCHIVE_LOCATION">c:/Users/jenni/Downloads/ip_repo_oleds</xilinx:tag>
        <xilinx:tag xilinx:name="ui.data.coregen.dd@3f532f84_ARCHIVE_LOCATION">c:/Users/jenni/Downloads/ip_repo_oleds</xilinx:tag>
        <xilinx:tag xilinx:name="ui.data.coregen.dd@64f8a00_ARCHIVE_LOCATION">c:/Users/jenni/Downloads/ip_repo_oleds</xilinx:tag>
        <xilinx:tag xilinx:name="ui.data.coregen.dd@71a69db1_ARCHIVE_LOCATION">c:/Users/jenni/Downloads/ip_repo_oleds</xilinx:tag>
        <xilinx:tag xilinx:name="ui.data.coregen.dd@229efc72_ARCHIVE_LOCATION">c:/Users/jenni/Downloads/ip_repo_oleds</xilinx:tag>
        <xilinx:tag xilinx:name="ui.data.coregen.dd@3b74a15d_ARCHIVE_LOCATION">c:/Users/jenni/Downloads/ip_repo_oleds</xilinx:tag>
        <xilinx:tag xilinx:name="ui.data.coregen.dd@6931ee56_ARCHIVE_LOCATION">c:/Users/jenni/Downloads/ip_repo_oleds</xilinx:tag>
        <xilinx:tag xilinx:name="ui.data.coregen.dd@54dcf65b_ARCHIVE_LOCATION">c:/Users/jenni/Downloads/ip_repo_oleds</xilinx:tag>
        <xilinx:tag xilinx:name="ui.data.coregen.dd@63ee2d1c_ARCHIVE_LOCATION">c:/Users/jenni/Downloads/ip_repo_oleds</xilinx:tag>
        <xilinx:tag xilinx:name="ui.data.coregen.dd@677cfec3_ARCHIVE_LOCATION">c:/Users/jenni/Downloads/ip_repo_oleds</xilinx:tag>
        <xilinx:tag xilinx:name="ui.data.coregen.dd@2cac7890_ARCHIVE_LOCATION">c:/Users/jenni/Downloads/ip_repo_oleds</xilinx:tag>
        <xilinx:tag xilinx:name="ui.data.coregen.dd@6cc00975_ARCHIVE_LOCATION">c:/Users/jenni/Downloads/ip_repo_oleds</xilinx:tag>
        <xilinx:tag xilinx:name="ui.data.coregen.dd@4e4b4d8a_ARCHIVE_LOCATION">c:/Users/jenni/Downloads/ip_repo_oleds</xilinx:tag>
        <xilinx:tag xilinx:name="ui.data.coregen.dd@36f3317e_ARCHIVE_LOCATION">c:/Users/jenni/Downloads/ip_repo_oleds</xilinx:tag>
        <xilinx:tag xilinx:name="ui.data.coregen.dd@fa6721e_ARCHIVE_LOCATION">c:/Users/jenni/Downloads/ip_repo_oleds</xilinx:tag>
        <xilinx:tag xilinx:name="ui.data.coregen.dd@2d5394ca_ARCHIVE_LOCATION">c:/Users/jenni/Downloads/ip_repo_oleds</xilinx:tag>
        <xilinx:tag xilinx:name="ui.data.coregen.dd@1a27960b_ARCHIVE_LOCATION">c:/Users/jenni/Downloads/ip_repo_oleds</xilinx:tag>
        <xilinx:tag xilinx:name="ui.data.coregen.dd@7c68f9ff_ARCHIVE_LOCATION">c:/Users/jenni/Downloads/ip_repo_oleds</xilinx:tag>
        <xilinx:tag xilinx:name="ui.data.coregen.dd@6367cf9e_ARCHIVE_LOCATION">c:/Users/jenni/Downloads/ip_repo_oleds</xilinx:tag>
        <xilinx:tag xilinx:name="ui.data.coregen.dd@6a19e184_ARCHIVE_LOCATION">c:/Users/jenni/Downloads/ip_repo_oleds</xilinx:tag>
        <xilinx:tag xilinx:name="ui.data.coregen.dd@2fe702b6_ARCHIVE_LOCATION">c:/Users/jenni/Downloads/ip_repo_oleds</xilinx:tag>
        <xilinx:tag xilinx:name="ui.data.coregen.dd@443b325e_ARCHIVE_LOCATION">c:/Users/jenni/Downloads/ip_repo_oleds</xilinx:tag>
        <xilinx:tag xilinx:name="ui.data.coregen.dd@3afe238e_ARCHIVE_LOCATION">c:/Users/jenni/Downloads/ip_repo_oleds</xilinx:tag>
        <xilinx:tag xilinx:name="ui.data.coregen.dd@73146878_ARCHIVE_LOCATION">c:/Users/jenni/Downloads/ip_repo_oleds</xilinx:tag>
        <xilinx:tag xilinx:name="ui.data.coregen.dd@15b5b787_ARCHIVE_LOCATION">c:/Users/jenni/Downloads/ip_repo_oleds</xilinx:tag>
        <xilinx:tag xilinx:name="ui.data.coregen.dd@55a06779_ARCHIVE_LOCATION">c:/Users/jenni/Downloads/ip_repo_oleds</xilinx:tag>
        <xilinx:tag xilinx:name="ui.data.coregen.dd@685b7feb_ARCHIVE_LOCATION">c:/Users/jenni/Downloads/ip_repo_oleds</xilinx:tag>
        <xilinx:tag xilinx:name="ui.data.coregen.dd@3222876e_ARCHIVE_LOCATION">c:/Users/jenni/Downloads/ip_repo_oleds</xilinx:tag>
        <xilinx:tag xilinx:name="ui.data.coregen.dd@2222739d_ARCHIVE_LOCATION">c:/Users/jenni/Downloads/ip_repo_oleds</xilinx:tag>
        <xilinx:tag xilinx:name="ui.data.coregen.dd@1ad2d4e8_ARCHIVE_LOCATION">c:/Users/jenni/Downloads/ip_repo_oleds</xilinx:tag>
        <xilinx:tag xilinx:name="ui.data.coregen.dd@2dedacae_ARCHIVE_LOCATION">c:/Users/jenni/Downloads/ip_repo_oleds</xilinx:tag>
        <xilinx:tag xilinx:name="ui.data.coregen.dd@66702583_ARCHIVE_LOCATION">c:/Users/jenni/Downloads/ip_repo_oleds</xilinx:tag>
        <xilinx:tag xilinx:name="ui.data.coregen.dd@79043a53_ARCHIVE_LOCATION">c:/Users/jenni/Downloads/ip_repo_oleds</xilinx:tag>
        <xilinx:tag xilinx:name="ui.data.coregen.dd@1232f88d_ARCHIVE_LOCATION">c:/Users/jenni/Downloads/ip_repo_oleds</xilinx:tag>
        <xilinx:tag xilinx:name="ui.data.coregen.dd@ecc515f_ARCHIVE_LOCATION">c:/Users/jenni/Downloads/ip_repo_oleds</xilinx:tag>
        <xilinx:tag xilinx:name="ui.data.coregen.dd@4f5a17f1_ARCHIVE_LOCATION">c:/Users/jenni/Downloads/ip_repo_oleds</xilinx:tag>
        <xilinx:tag xilinx:name="ui.data.coregen.dd@9074742_ARCHIVE_LOCATION">c:/Users/jenni/Downloads/ip_repo_oleds</xilinx:tag>
        <xilinx:tag xilinx:name="ui.data.coregen.dd@5a2c2c1d_ARCHIVE_LOCATION">c:/Users/jenni/Downloads/ip_repo_oleds</xilinx:tag>
        <xilinx:tag xilinx:name="ui.data.coregen.dd@50e9bc18_ARCHIVE_LOCATION">c:/Users/jenni/Downloads/ip_repo_oleds</xilinx:tag>
        <xilinx:tag xilinx:name="ui.data.coregen.dd@293536f_ARCHIVE_LOCATION">c:/Users/jenni/Downloads/ip_repo_oleds</xilinx:tag>
        <xilinx:tag xilinx:name="ui.data.coregen.dd@7c5a54d4_ARCHIVE_LOCATION">c:/Users/jenni/Downloads/ip_repo_oleds</xilinx:tag>
        <xilinx:tag xilinx:name="ui.data.coregen.dd@49b96d70_ARCHIVE_LOCATION">c:/Users/jenni/Downloads/ip_repo_oleds</xilinx:tag>
        <xilinx:tag xilinx:name="ui.data.coregen.dd@826eee1_ARCHIVE_LOCATION">c:/Users/jenni/Downloads/ip_repo_oleds</xilinx:tag>
        <xilinx:tag xilinx:name="ui.data.coregen.dd@70c70a28_ARCHIVE_LOCATION">c:/Users/jenni/Downloads/ip_repo_oleds</xilinx:tag>
        <xilinx:tag xilinx:name="ui.data.coregen.dd@789fd927_ARCHIVE_LOCATION">c:/Users/jenni/Downloads/ip_repo_oleds</xilinx:tag>
        <xilinx:tag xilinx:name="ui.data.coregen.dd@256253f_ARCHIVE_LOCATION">c:/Users/jenni/Downloads/ip_repo_oleds</xilinx:tag>
        <xilinx:tag xilinx:name="ui.data.coregen.dd@8001eb1_ARCHIVE_LOCATION">c:/Users/jenni/Downloads/ip_repo_oleds</xilinx:tag>
        <xilinx:tag xilinx:name="ui.data.coregen.dd@17dd4732_ARCHIVE_LOCATION">c:/Users/jenni/Downloads/ip_repo_oleds</xilinx:tag>
        <xilinx:tag xilinx:name="ui.data.coregen.dd@2df7b653_ARCHIVE_LOCATION">c:/Users/jenni/Downloads/ip_repo_oleds</xilinx:tag>
        <xilinx:tag xilinx:name="ui.data.coregen.dd@3875bc12_ARCHIVE_LOCATION">c:/Users/jenni/Downloads/ip_repo_oleds</xilinx:tag>
        <xilinx:tag xilinx:name="ui.data.coregen.dd@4d98e5ed_ARCHIVE_LOCATION">c:/Users/jenni/Downloads/ip_repo_oleds</xilinx:tag>
      </xilinx:tags>
    </xilinx:coreExtensions>
    <xilinx:packagingInfo>
      <xilinx:xilinxVersion>2020.1</xilinx:xilinxVersion>
      <xilinx:checksum xilinx:scope="busInterfaces" xilinx:value="dbc0055f"/>
      <xilinx:checksum xilinx:scope="fileGroups" xilinx:value="4f199abc"/>
      <xilinx:checksum xilinx:scope="ports" xilinx:value="b2e690d3"/>
      <xilinx:checksum xilinx:scope="parameters" xilinx:value="0e13dc33"/>
    </xilinx:packagingInfo>
  </spirit:vendorExtensions>
</spirit:component>
