<?xml version="1.0" encoding="UTF-8"?>
<spirit:component xmlns:xilinx="http://www.xilinx.com" xmlns:spirit="http://www.spiritconsortium.org/XMLSchema/SPIRIT/1685-2009" xmlns:xsi="http://www.w3.org/2001/XMLSchema-instance">
  <spirit:vendor>xilinx.com</spirit:vendor>
  <spirit:library>user</spirit:library>
  <spirit:name>tone_match</spirit:name>
  <spirit:version>1.0</spirit:version>
  <spirit:busInterfaces>
    <spirit:busInterface>
      <spirit:name>clk</spirit:name>
      <spirit:busType spirit:vendor="xilinx.com" spirit:library="signal" spirit:name="clock" spirit:version="1.0"/>
      <spirit:abstractionType spirit:vendor="xilinx.com" spirit:library="signal" spirit:name="clock_rtl" spirit:version="1.0"/>
      <spirit:slave/>
      <spirit:portMaps>
        <spirit:portMap>
          <spirit:logicalPort>
            <spirit:name>CLK</spirit:name>
          </spirit:logicalPort>
          <spirit:physicalPort>
            <spirit:name>clk</spirit:name>
          </spirit:physicalPort>
        </spirit:portMap>
      </spirit:portMaps>
    </spirit:busInterface>
  </spirit:busInterfaces>
  <spirit:model>
    <spirit:views>
      <spirit:view>
        <spirit:name>xilinx_anylanguagesynthesis</spirit:name>
        <spirit:displayName>Synthesis</spirit:displayName>
        <spirit:envIdentifier>:vivado.xilinx.com:synthesis</spirit:envIdentifier>
        <spirit:language>Verilog</spirit:language>
        <spirit:modelName>tone_match</spirit:modelName>
        <spirit:fileSetRef>
          <spirit:localName>xilinx_anylanguagesynthesis_view_fileset</spirit:localName>
        </spirit:fileSetRef>
        <spirit:parameters>
          <spirit:parameter>
            <spirit:name>viewChecksum</spirit:name>
            <spirit:value>ae61ef5c</spirit:value>
          </spirit:parameter>
        </spirit:parameters>
      </spirit:view>
      <spirit:view>
        <spirit:name>xilinx_anylanguagebehavioralsimulation</spirit:name>
        <spirit:displayName>Simulation</spirit:displayName>
        <spirit:envIdentifier>:vivado.xilinx.com:simulation</spirit:envIdentifier>
        <spirit:language>Verilog</spirit:language>
        <spirit:modelName>tone_match</spirit:modelName>
        <spirit:fileSetRef>
          <spirit:localName>xilinx_anylanguagebehavioralsimulation_view_fileset</spirit:localName>
        </spirit:fileSetRef>
        <spirit:parameters>
          <spirit:parameter>
            <spirit:name>viewChecksum</spirit:name>
            <spirit:value>ae61ef5c</spirit:value>
          </spirit:parameter>
        </spirit:parameters>
      </spirit:view>
      <spirit:view>
        <spirit:name>xilinx_xpgui</spirit:name>
        <spirit:displayName>UI Layout</spirit:displayName>
        <spirit:envIdentifier>:vivado.xilinx.com:xgui.ui</spirit:envIdentifier>
        <spirit:fileSetRef>
          <spirit:localName>xilinx_xpgui_view_fileset</spirit:localName>
        </spirit:fileSetRef>
        <spirit:parameters>
          <spirit:parameter>
            <spirit:name>viewChecksum</spirit:name>
            <spirit:value>f64a5dae</spirit:value>
          </spirit:parameter>
        </spirit:parameters>
      </spirit:view>
    </spirit:views>
    <spirit:ports>
      <spirit:port>
        <spirit:name>clk</spirit:name>
        <spirit:wire>
          <spirit:direction>in</spirit:direction>
          <spirit:wireTypeDefs>
            <spirit:wireTypeDef>
              <spirit:typeName>wire</spirit:typeName>
              <spirit:viewNameRef>xilinx_anylanguagesynthesis</spirit:viewNameRef>
              <spirit:viewNameRef>xilinx_anylanguagebehavioralsimulation</spirit:viewNameRef>
            </spirit:wireTypeDef>
          </spirit:wireTypeDefs>
        </spirit:wire>
      </spirit:port>
      <spirit:port>
        <spirit:name>in_signal</spirit:name>
        <spirit:wire>
          <spirit:direction>in</spirit:direction>
          <spirit:vector>
            <spirit:left spirit:format="long">32</spirit:left>
            <spirit:right spirit:format="long">0</spirit:right>
          </spirit:vector>
          <spirit:wireTypeDefs>
            <spirit:wireTypeDef>
              <spirit:typeName>wire</spirit:typeName>
              <spirit:viewNameRef>xilinx_anylanguagesynthesis</spirit:viewNameRef>
              <spirit:viewNameRef>xilinx_anylanguagebehavioralsimulation</spirit:viewNameRef>
            </spirit:wireTypeDef>
          </spirit:wireTypeDefs>
        </spirit:wire>
      </spirit:port>
      <spirit:port>
        <spirit:name>in_addr</spirit:name>
        <spirit:wire>
          <spirit:direction>out</spirit:direction>
          <spirit:vector>
            <spirit:left spirit:format="long">9</spirit:left>
            <spirit:right spirit:format="long">0</spirit:right>
          </spirit:vector>
          <spirit:wireTypeDefs>
            <spirit:wireTypeDef>
              <spirit:typeName>reg</spirit:typeName>
              <spirit:viewNameRef>xilinx_anylanguagesynthesis</spirit:viewNameRef>
              <spirit:viewNameRef>xilinx_anylanguagebehavioralsimulation</spirit:viewNameRef>
            </spirit:wireTypeDef>
          </spirit:wireTypeDefs>
        </spirit:wire>
      </spirit:port>
      <spirit:port>
        <spirit:name>note_name</spirit:name>
        <spirit:wire>
          <spirit:direction>out</spirit:direction>
          <spirit:vector>
            <spirit:left spirit:format="long">23</spirit:left>
            <spirit:right spirit:format="long">0</spirit:right>
          </spirit:vector>
          <spirit:wireTypeDefs>
            <spirit:wireTypeDef>
              <spirit:typeName>reg</spirit:typeName>
              <spirit:viewNameRef>xilinx_anylanguagesynthesis</spirit:viewNameRef>
              <spirit:viewNameRef>xilinx_anylanguagebehavioralsimulation</spirit:viewNameRef>
            </spirit:wireTypeDef>
          </spirit:wireTypeDefs>
        </spirit:wire>
      </spirit:port>
    </spirit:ports>
  </spirit:model>
  <spirit:fileSets>
    <spirit:fileSet>
      <spirit:name>xilinx_anylanguagesynthesis_view_fileset</spirit:name>
      <spirit:file>
        <spirit:name>src/tone_matching.v</spirit:name>
        <spirit:fileType>verilogSource</spirit:fileType>
        <spirit:userFileType>CHECKSUM_ae61ef5c</spirit:userFileType>
        <spirit:userFileType>IMPORTED_FILE</spirit:userFileType>
      </spirit:file>
    </spirit:fileSet>
    <spirit:fileSet>
      <spirit:name>xilinx_anylanguagebehavioralsimulation_view_fileset</spirit:name>
      <spirit:file>
        <spirit:name>src/tone_matching.v</spirit:name>
        <spirit:fileType>verilogSource</spirit:fileType>
        <spirit:userFileType>IMPORTED_FILE</spirit:userFileType>
      </spirit:file>
    </spirit:fileSet>
    <spirit:fileSet>
      <spirit:name>xilinx_xpgui_view_fileset</spirit:name>
      <spirit:file>
        <spirit:name>xgui/tone_match_v1_0.tcl</spirit:name>
        <spirit:fileType>tclSource</spirit:fileType>
        <spirit:userFileType>CHECKSUM_f64a5dae</spirit:userFileType>
        <spirit:userFileType>XGUI_VERSION_2</spirit:userFileType>
      </spirit:file>
    </spirit:fileSet>
  </spirit:fileSets>
  <spirit:description>tone_match_v1_0</spirit:description>
  <spirit:parameters>
    <spirit:parameter>
      <spirit:name>Component_Name</spirit:name>
      <spirit:value spirit:resolve="user" spirit:id="PARAM_VALUE.Component_Name" spirit:order="1">tone_match_v1_0</spirit:value>
    </spirit:parameter>
  </spirit:parameters>
  <spirit:vendorExtensions>
    <xilinx:coreExtensions>
      <xilinx:supportedFamilies>
        <xilinx:family xilinx:lifeCycle="Production">virtex7</xilinx:family>
        <xilinx:family xilinx:lifeCycle="Production">qvirtex7</xilinx:family>
        <xilinx:family xilinx:lifeCycle="Production">kintex7</xilinx:family>
        <xilinx:family xilinx:lifeCycle="Production">kintex7l</xilinx:family>
        <xilinx:family xilinx:lifeCycle="Production">qkintex7</xilinx:family>
        <xilinx:family xilinx:lifeCycle="Production">qkintex7l</xilinx:family>
        <xilinx:family xilinx:lifeCycle="Production">akintex7</xilinx:family>
        <xilinx:family xilinx:lifeCycle="Production">artix7</xilinx:family>
        <xilinx:family xilinx:lifeCycle="Production">artix7l</xilinx:family>
        <xilinx:family xilinx:lifeCycle="Production">aartix7</xilinx:family>
        <xilinx:family xilinx:lifeCycle="Production">qartix7</xilinx:family>
        <xilinx:family xilinx:lifeCycle="Production">zynq</xilinx:family>
        <xilinx:family xilinx:lifeCycle="Production">spartan7</xilinx:family>
        <xilinx:family xilinx:lifeCycle="Production">aspartan7</xilinx:family>
        <xilinx:family xilinx:lifeCycle="Production">virtexuplus</xilinx:family>
        <xilinx:family xilinx:lifeCycle="Production">virtexuplusHBM</xilinx:family>
        <xilinx:family xilinx:lifeCycle="Production">zynquplus</xilinx:family>
        <xilinx:family xilinx:lifeCycle="Production">kintexu</xilinx:family>
      </xilinx:supportedFamilies>
      <xilinx:taxonomies>
        <xilinx:taxonomy>/UserIP</xilinx:taxonomy>
      </xilinx:taxonomies>
      <xilinx:displayName>tone_match_v1_0</xilinx:displayName>
      <xilinx:definitionSource>package_project</xilinx:definitionSource>
      <xilinx:coreRevision>18</xilinx:coreRevision>
      <xilinx:coreCreationDateTime>2025-04-01T01:20:13Z</xilinx:coreCreationDateTime>
      <xilinx:tags>
        <xilinx:tag xilinx:name="ui.data.coregen.dd@130c338f_ARCHIVE_LOCATION">c:/Users/jenni/Downloads/ip_repo_tone</xilinx:tag>
        <xilinx:tag xilinx:name="ui.data.coregen.dd@1efa9c78_ARCHIVE_LOCATION">c:/Users/jenni/Downloads/ip_repo_tone</xilinx:tag>
        <xilinx:tag xilinx:name="ui.data.coregen.dd@377182fa_ARCHIVE_LOCATION">c:/Users/jenni/Downloads/ip_repo_tone</xilinx:tag>
        <xilinx:tag xilinx:name="ui.data.coregen.dd@1ebb65f2_ARCHIVE_LOCATION">c:/Users/jenni/Downloads/ip_repo_tone</xilinx:tag>
        <xilinx:tag xilinx:name="ui.data.coregen.dd@4434e78b_ARCHIVE_LOCATION">c:/Users/jenni/Downloads/ip_repo_tone</xilinx:tag>
        <xilinx:tag xilinx:name="ui.data.coregen.dd@64fd5115_ARCHIVE_LOCATION">c:/Users/jenni/Downloads/ip_repo_tone</xilinx:tag>
        <xilinx:tag xilinx:name="ui.data.coregen.dd@4824d45a_ARCHIVE_LOCATION">c:/Users/jenni/Downloads/ip_repo_tone</xilinx:tag>
        <xilinx:tag xilinx:name="ui.data.coregen.dd@72c731e9_ARCHIVE_LOCATION">c:/Users/jenni/Downloads/ip_repo_tone</xilinx:tag>
        <xilinx:tag xilinx:name="ui.data.coregen.dd@20453c21_ARCHIVE_LOCATION">c:/Users/jenni/Downloads/ip_repo_tone</xilinx:tag>
        <xilinx:tag xilinx:name="ui.data.coregen.dd@1e443710_ARCHIVE_LOCATION">c:/Users/jenni/Downloads/ip_repo_tone</xilinx:tag>
        <xilinx:tag xilinx:name="ui.data.coregen.dd@11d0eb85_ARCHIVE_LOCATION">c:/Users/jenni/Downloads/ip_repo_tone</xilinx:tag>
        <xilinx:tag xilinx:name="ui.data.coregen.dd@32668c0e_ARCHIVE_LOCATION">c:/Users/jenni/Downloads/ip_repo_tone</xilinx:tag>
        <xilinx:tag xilinx:name="ui.data.coregen.dd@2f56765f_ARCHIVE_LOCATION">c:/Users/jenni/Downloads/ip_repo_tone</xilinx:tag>
        <xilinx:tag xilinx:name="ui.data.coregen.dd@1550796d_ARCHIVE_LOCATION">c:/Users/jenni/Downloads/ip_repo_tone</xilinx:tag>
        <xilinx:tag xilinx:name="ui.data.coregen.dd@9333722_ARCHIVE_LOCATION">c:/Users/jenni/Downloads/ip_repo_tone</xilinx:tag>
        <xilinx:tag xilinx:name="ui.data.coregen.dd@3cb79734_ARCHIVE_LOCATION">c:/Users/jenni/Downloads/ip_repo_tone</xilinx:tag>
        <xilinx:tag xilinx:name="ui.data.coregen.dd@68be6756_ARCHIVE_LOCATION">c:/Users/jenni/Downloads/ip_repo_tone</xilinx:tag>
        <xilinx:tag xilinx:name="ui.data.coregen.dd@3cb92372_ARCHIVE_LOCATION">c:/Users/jenni/Downloads/ip_repo_tone</xilinx:tag>
        <xilinx:tag xilinx:name="ui.data.coregen.dd@539982f8_ARCHIVE_LOCATION">c:/Users/jenni/Downloads/ip_repo_tone</xilinx:tag>
        <xilinx:tag xilinx:name="ui.data.coregen.dd@62421c3e_ARCHIVE_LOCATION">c:/Users/jenni/Downloads/ip_repo_tone</xilinx:tag>
        <xilinx:tag xilinx:name="ui.data.coregen.dd@3c9f2944_ARCHIVE_LOCATION">c:/Users/jenni/Downloads/ip_repo_tone</xilinx:tag>
        <xilinx:tag xilinx:name="ui.data.coregen.dd@23f604a2_ARCHIVE_LOCATION">c:/Users/jenni/Downloads/ip_repo_tone</xilinx:tag>
        <xilinx:tag xilinx:name="ui.data.coregen.dd@bdeb63d_ARCHIVE_LOCATION">c:/Users/jenni/Downloads/ip_repo_tone</xilinx:tag>
        <xilinx:tag xilinx:name="ui.data.coregen.dd@7beddbc4_ARCHIVE_LOCATION">c:/Users/jenni/Downloads/ip_repo_tone</xilinx:tag>
        <xilinx:tag xilinx:name="ui.data.coregen.dd@642094b_ARCHIVE_LOCATION">c:/Users/jenni/Downloads/ip_repo_tone</xilinx:tag>
        <xilinx:tag xilinx:name="ui.data.coregen.dd@427935e2_ARCHIVE_LOCATION">c:/Users/jenni/Downloads/ip_repo_tone</xilinx:tag>
        <xilinx:tag xilinx:name="ui.data.coregen.dd@4856f158_ARCHIVE_LOCATION">c:/Users/jenni/Downloads/ip_repo_tone</xilinx:tag>
        <xilinx:tag xilinx:name="ui.data.coregen.dd@1f2c2360_ARCHIVE_LOCATION">c:/Users/jenni/Downloads/ip_repo_tone</xilinx:tag>
        <xilinx:tag xilinx:name="ui.data.coregen.dd@4c6b79d5_ARCHIVE_LOCATION">c:/Users/jenni/Downloads/ip_repo_tone</xilinx:tag>
        <xilinx:tag xilinx:name="ui.data.coregen.dd@360ba731_ARCHIVE_LOCATION">c:/Users/jenni/Downloads/ip_repo_tone</xilinx:tag>
        <xilinx:tag xilinx:name="ui.data.coregen.dd@29be14b0_ARCHIVE_LOCATION">c:/Users/jenni/Downloads/ip_repo_tone</xilinx:tag>
        <xilinx:tag xilinx:name="ui.data.coregen.dd@7bd51fcd_ARCHIVE_LOCATION">c:/Users/jenni/Downloads/ip_repo_tone</xilinx:tag>
        <xilinx:tag xilinx:name="ui.data.coregen.dd@1a26ccd0_ARCHIVE_LOCATION">c:/Users/jenni/Downloads/ip_repo_tone</xilinx:tag>
        <xilinx:tag xilinx:name="ui.data.coregen.dd@658f7094_ARCHIVE_LOCATION">c:/Users/jenni/Downloads/ip_repo_tone</xilinx:tag>
        <xilinx:tag xilinx:name="ui.data.coregen.dd@24a0521a_ARCHIVE_LOCATION">c:/Users/jenni/Downloads/ip_repo_tone</xilinx:tag>
        <xilinx:tag xilinx:name="ui.data.coregen.dd@185888a2_ARCHIVE_LOCATION">c:/Users/jenni/Downloads/ip_repo_tone</xilinx:tag>
        <xilinx:tag xilinx:name="ui.data.coregen.dd@74d8b351_ARCHIVE_LOCATION">c:/Users/jenni/Downloads/ip_repo_tone</xilinx:tag>
        <xilinx:tag xilinx:name="ui.data.coregen.dd@75376f9e_ARCHIVE_LOCATION">c:/Users/jenni/Downloads/ip_repo_tone</xilinx:tag>
        <xilinx:tag xilinx:name="ui.data.coregen.dd@348a4ddc_ARCHIVE_LOCATION">c:/Users/jenni/Downloads/ip_repo_tone</xilinx:tag>
        <xilinx:tag xilinx:name="ui.data.coregen.dd@4973a7e3_ARCHIVE_LOCATION">c:/Users/jenni/Downloads/ip_repo_tone</xilinx:tag>
        <xilinx:tag xilinx:name="ui.data.coregen.dd@5c8b7f5a_ARCHIVE_LOCATION">c:/Users/jenni/Downloads/ip_repo_tone</xilinx:tag>
        <xilinx:tag xilinx:name="ui.data.coregen.dd@5e44d43f_ARCHIVE_LOCATION">c:/Users/jenni/Downloads/ip_repo_tone</xilinx:tag>
        <xilinx:tag xilinx:name="ui.data.coregen.dd@2fa0f1bb_ARCHIVE_LOCATION">c:/Users/jenni/Downloads/ip_repo_tone</xilinx:tag>
        <xilinx:tag xilinx:name="ui.data.coregen.dd@53d6d8de_ARCHIVE_LOCATION">c:/Users/jenni/Downloads/ip_repo_tone</xilinx:tag>
        <xilinx:tag xilinx:name="ui.data.coregen.dd@23208195_ARCHIVE_LOCATION">c:/Users/jenni/Downloads/ip_repo_tone</xilinx:tag>
        <xilinx:tag xilinx:name="ui.data.coregen.dd@346dedec_ARCHIVE_LOCATION">c:/Users/jenni/Downloads/ip_repo_tone</xilinx:tag>
        <xilinx:tag xilinx:name="ui.data.coregen.dd@3149e808_ARCHIVE_LOCATION">c:/Users/jenni/Downloads/ip_repo_tone</xilinx:tag>
        <xilinx:tag xilinx:name="ui.data.coregen.dd@1b23acfb_ARCHIVE_LOCATION">c:/Users/jenni/Downloads/ip_repo_tone</xilinx:tag>
        <xilinx:tag xilinx:name="ui.data.coregen.dd@305682d8_ARCHIVE_LOCATION">c:/Users/jenni/Downloads/ip_repo_tone</xilinx:tag>
        <xilinx:tag xilinx:name="ui.data.coregen.dd@3f0a5fa7_ARCHIVE_LOCATION">c:/Users/jenni/Downloads/ip_repo_tone</xilinx:tag>
        <xilinx:tag xilinx:name="ui.data.coregen.dd@28203b04_ARCHIVE_LOCATION">c:/Users/jenni/Downloads/ip_repo_tone</xilinx:tag>
        <xilinx:tag xilinx:name="ui.data.coregen.dd@49119e1a_ARCHIVE_LOCATION">c:/Users/jenni/Downloads/ip_repo_tone</xilinx:tag>
        <xilinx:tag xilinx:name="ui.data.coregen.dd@24238ca8_ARCHIVE_LOCATION">c:/Users/jenni/Downloads/ip_repo_tone</xilinx:tag>
        <xilinx:tag xilinx:name="ui.data.coregen.dd@702f1f8_ARCHIVE_LOCATION">c:/Users/jenni/Downloads/ip_repo_tone</xilinx:tag>
        <xilinx:tag xilinx:name="ui.data.coregen.dd@7ea5f47d_ARCHIVE_LOCATION">c:/Users/jenni/Downloads/ip_repo_tone</xilinx:tag>
        <xilinx:tag xilinx:name="ui.data.coregen.dd@43e9c3ee_ARCHIVE_LOCATION">c:/Users/jenni/Downloads/ip_repo_tone</xilinx:tag>
        <xilinx:tag xilinx:name="ui.data.coregen.dd@9613b81_ARCHIVE_LOCATION">c:/Users/jenni/Downloads/ip_repo_tone</xilinx:tag>
        <xilinx:tag xilinx:name="ui.data.coregen.dd@20958789_ARCHIVE_LOCATION">c:/Users/jenni/Downloads/ip_repo_tone</xilinx:tag>
        <xilinx:tag xilinx:name="ui.data.coregen.dd@1d295ecc_ARCHIVE_LOCATION">c:/Users/jenni/Downloads/ip_repo_tone</xilinx:tag>
        <xilinx:tag xilinx:name="ui.data.coregen.dd@25f2c529_ARCHIVE_LOCATION">c:/Users/jenni/Downloads/ip_repo_tone</xilinx:tag>
        <xilinx:tag xilinx:name="ui.data.coregen.dd@247d2644_ARCHIVE_LOCATION">c:/Users/jenni/Downloads/ip_repo_tone</xilinx:tag>
        <xilinx:tag xilinx:name="ui.data.coregen.dd@639422e0_ARCHIVE_LOCATION">c:/Users/jenni/Downloads/ip_repo_tone</xilinx:tag>
        <xilinx:tag xilinx:name="ui.data.coregen.dd@52594cb6_ARCHIVE_LOCATION">c:/Users/jenni/Downloads/ip_repo_tone</xilinx:tag>
        <xilinx:tag xilinx:name="ui.data.coregen.dd@508e069c_ARCHIVE_LOCATION">c:/Users/jenni/Downloads/ip_repo_tone</xilinx:tag>
        <xilinx:tag xilinx:name="ui.data.coregen.dd@38bfcc7_ARCHIVE_LOCATION">c:/Users/jenni/Downloads/ip_repo_tone</xilinx:tag>
        <xilinx:tag xilinx:name="ui.data.coregen.dd@462783da_ARCHIVE_LOCATION">c:/Users/jenni/Downloads/ip_repo_tone</xilinx:tag>
        <xilinx:tag xilinx:name="ui.data.coregen.dd@469761bc_ARCHIVE_LOCATION">c:/Users/jenni/Downloads/ip_repo_tone</xilinx:tag>
        <xilinx:tag xilinx:name="ui.data.coregen.dd@7036dce5_ARCHIVE_LOCATION">c:/Users/jenni/Downloads/ip_repo_tone</xilinx:tag>
        <xilinx:tag xilinx:name="ui.data.coregen.dd@7d07182_ARCHIVE_LOCATION">c:/Users/jenni/Downloads/ip_repo_tone</xilinx:tag>
        <xilinx:tag xilinx:name="ui.data.coregen.dd@71407101_ARCHIVE_LOCATION">c:/Users/jenni/Downloads/ip_repo_tone</xilinx:tag>
        <xilinx:tag xilinx:name="ui.data.coregen.dd@9e2af67_ARCHIVE_LOCATION">c:/Users/jenni/Downloads/ip_repo_tone</xilinx:tag>
        <xilinx:tag xilinx:name="ui.data.coregen.dd@51f1a942_ARCHIVE_LOCATION">c:/Users/jenni/Downloads/ip_repo_tone</xilinx:tag>
        <xilinx:tag xilinx:name="ui.data.coregen.dd@29994166_ARCHIVE_LOCATION">c:/Users/jenni/Downloads/ip_repo_tone</xilinx:tag>
        <xilinx:tag xilinx:name="ui.data.coregen.dd@56fa6b8f_ARCHIVE_LOCATION">c:/Users/jenni/Downloads/ip_repo_tone</xilinx:tag>
        <xilinx:tag xilinx:name="ui.data.coregen.dd@43220195_ARCHIVE_LOCATION">c:/Users/jenni/Downloads/ip_repo_tone</xilinx:tag>
        <xilinx:tag xilinx:name="ui.data.coregen.dd@407d9ac5_ARCHIVE_LOCATION">c:/Users/jenni/Downloads/ip_repo_tone</xilinx:tag>
        <xilinx:tag xilinx:name="ui.data.coregen.dd@285bed65_ARCHIVE_LOCATION">c:/Users/jenni/Downloads/ip_repo_tone</xilinx:tag>
        <xilinx:tag xilinx:name="ui.data.coregen.dd@1efdb0bf_ARCHIVE_LOCATION">c:/Users/jenni/Downloads/ip_repo_tone</xilinx:tag>
        <xilinx:tag xilinx:name="ui.data.coregen.dd@6ca241a2_ARCHIVE_LOCATION">c:/Users/jenni/Downloads/ip_repo_tone</xilinx:tag>
        <xilinx:tag xilinx:name="ui.data.coregen.dd@757fdc05_ARCHIVE_LOCATION">c:/Users/jenni/Downloads/ip_repo_tone</xilinx:tag>
        <xilinx:tag xilinx:name="ui.data.coregen.dd@16a059a9_ARCHIVE_LOCATION">c:/Users/jenni/Downloads/ip_repo_tone</xilinx:tag>
        <xilinx:tag xilinx:name="ui.data.coregen.dd@4743c0d1_ARCHIVE_LOCATION">c:/Users/jenni/Downloads/ip_repo_tone</xilinx:tag>
        <xilinx:tag xilinx:name="ui.data.coregen.dd@6db58f91_ARCHIVE_LOCATION">c:/Users/jenni/Downloads/ip_repo_tone</xilinx:tag>
        <xilinx:tag xilinx:name="ui.data.coregen.dd@3abb62f3_ARCHIVE_LOCATION">c:/Users/jenni/Downloads/ip_repo_tone</xilinx:tag>
        <xilinx:tag xilinx:name="ui.data.coregen.dd@42ec07d4_ARCHIVE_LOCATION">c:/Users/jenni/Downloads/ip_repo_tone</xilinx:tag>
        <xilinx:tag xilinx:name="ui.data.coregen.dd@4ce051cf_ARCHIVE_LOCATION">c:/Users/jenni/Downloads/ip_repo_tone</xilinx:tag>
        <xilinx:tag xilinx:name="ui.data.coregen.dd@104afe3_ARCHIVE_LOCATION">c:/Users/jenni/Downloads/ip_repo_tone</xilinx:tag>
        <xilinx:tag xilinx:name="ui.data.coregen.dd@2a5a1620_ARCHIVE_LOCATION">c:/Users/jenni/Downloads/ip_repo_tone</xilinx:tag>
        <xilinx:tag xilinx:name="ui.data.coregen.dd@39a60698_ARCHIVE_LOCATION">c:/Users/jenni/Downloads/ip_repo_tone</xilinx:tag>
        <xilinx:tag xilinx:name="ui.data.coregen.dd@5f49a268_ARCHIVE_LOCATION">c:/Users/jenni/Downloads/ip_repo_tone</xilinx:tag>
        <xilinx:tag xilinx:name="ui.data.coregen.dd@4c5b4960_ARCHIVE_LOCATION">c:/Users/jenni/Downloads/ip_repo_tone</xilinx:tag>
        <xilinx:tag xilinx:name="ui.data.coregen.dd@6b7ae10e_ARCHIVE_LOCATION">c:/Users/jenni/Downloads/ip_repo_tone</xilinx:tag>
        <xilinx:tag xilinx:name="ui.data.coregen.dd@6a298f9d_ARCHIVE_LOCATION">c:/Users/jenni/Downloads/ip_repo_tone</xilinx:tag>
        <xilinx:tag xilinx:name="ui.data.coregen.dd@72d0097f_ARCHIVE_LOCATION">c:/Users/jenni/Downloads/ip_repo_tone</xilinx:tag>
        <xilinx:tag xilinx:name="ui.data.coregen.dd@255b23c_ARCHIVE_LOCATION">c:/Users/jenni/Downloads/ip_repo_tone</xilinx:tag>
        <xilinx:tag xilinx:name="ui.data.coregen.dd@7db13f74_ARCHIVE_LOCATION">c:/Users/jenni/Downloads/ip_repo_tone</xilinx:tag>
        <xilinx:tag xilinx:name="ui.data.coregen.dd@702a2ab4_ARCHIVE_LOCATION">c:/Users/jenni/Downloads/ip_repo_tone</xilinx:tag>
        <xilinx:tag xilinx:name="ui.data.coregen.dd@52667a0d_ARCHIVE_LOCATION">c:/Users/jenni/Downloads/ip_repo_tone</xilinx:tag>
        <xilinx:tag xilinx:name="ui.data.coregen.dd@5eea5559_ARCHIVE_LOCATION">c:/Users/jenni/Downloads/ip_repo_tone</xilinx:tag>
        <xilinx:tag xilinx:name="ui.data.coregen.dd@769b4f98_ARCHIVE_LOCATION">c:/Users/jenni/Downloads/ip_repo_tone</xilinx:tag>
        <xilinx:tag xilinx:name="ui.data.coregen.dd@6302e718_ARCHIVE_LOCATION">c:/Users/jenni/Downloads/ip_repo_tone</xilinx:tag>
        <xilinx:tag xilinx:name="ui.data.coregen.dd@580257f1_ARCHIVE_LOCATION">c:/Users/jenni/Downloads/ip_repo_tone</xilinx:tag>
        <xilinx:tag xilinx:name="ui.data.coregen.dd@3d6dc103_ARCHIVE_LOCATION">c:/Users/jenni/Downloads/ip_repo_tone</xilinx:tag>
        <xilinx:tag xilinx:name="ui.data.coregen.dd@75e2fd21_ARCHIVE_LOCATION">c:/Users/jenni/Downloads/ip_repo_tone</xilinx:tag>
        <xilinx:tag xilinx:name="ui.data.coregen.dd@2e3d2022_ARCHIVE_LOCATION">c:/Users/jenni/Downloads/ip_repo_tone</xilinx:tag>
        <xilinx:tag xilinx:name="ui.data.coregen.dd@69071a19_ARCHIVE_LOCATION">c:/Users/jenni/Downloads/ip_repo_tone</xilinx:tag>
        <xilinx:tag xilinx:name="ui.data.coregen.dd@7ba57784_ARCHIVE_LOCATION">c:/Users/jenni/Downloads/ip_repo_tone</xilinx:tag>
        <xilinx:tag xilinx:name="ui.data.coregen.dd@5de3ae2e_ARCHIVE_LOCATION">c:/Users/jenni/Downloads/ip_repo_tone</xilinx:tag>
        <xilinx:tag xilinx:name="ui.data.coregen.dd@beeaf08_ARCHIVE_LOCATION">c:/Users/jenni/Downloads/ip_repo_tone</xilinx:tag>
        <xilinx:tag xilinx:name="ui.data.coregen.dd@3b54863e_ARCHIVE_LOCATION">c:/Users/jenni/Downloads/ip_repo_tone</xilinx:tag>
        <xilinx:tag xilinx:name="ui.data.coregen.dd@44b412a3_ARCHIVE_LOCATION">c:/Users/jenni/Downloads/ip_repo_tone</xilinx:tag>
        <xilinx:tag xilinx:name="ui.data.coregen.dd@9bf47_ARCHIVE_LOCATION">c:/Users/jenni/Downloads/ip_repo_tone</xilinx:tag>
        <xilinx:tag xilinx:name="ui.data.coregen.dd@3276626b_ARCHIVE_LOCATION">c:/Users/jenni/Downloads/ip_repo_tone</xilinx:tag>
        <xilinx:tag xilinx:name="ui.data.coregen.dd@4901b4e6_ARCHIVE_LOCATION">c:/Users/jenni/Downloads/ip_repo_tone</xilinx:tag>
        <xilinx:tag xilinx:name="ui.data.coregen.dd@6a1b1a24_ARCHIVE_LOCATION">c:/Users/jenni/Downloads/ip_repo_tone</xilinx:tag>
        <xilinx:tag xilinx:name="ui.data.coregen.dd@15311214_ARCHIVE_LOCATION">c:/Users/jenni/Downloads/ip_repo_tone</xilinx:tag>
        <xilinx:tag xilinx:name="ui.data.coregen.dd@4c2fc04d_ARCHIVE_LOCATION">c:/Users/jenni/Downloads/ip_repo_tone</xilinx:tag>
        <xilinx:tag xilinx:name="ui.data.coregen.dd@5fcc20c6_ARCHIVE_LOCATION">c:/Users/jenni/Downloads/ip_repo_tone</xilinx:tag>
        <xilinx:tag xilinx:name="ui.data.coregen.dd@647a5cf5_ARCHIVE_LOCATION">c:/Users/jenni/Downloads/ip_repo_tone</xilinx:tag>
        <xilinx:tag xilinx:name="ui.data.coregen.dd@6a046a10_ARCHIVE_LOCATION">c:/Users/jenni/Downloads/ip_repo_tone</xilinx:tag>
        <xilinx:tag xilinx:name="ui.data.coregen.dd@7546df02_ARCHIVE_LOCATION">c:/Users/jenni/Downloads/ip_repo_tone</xilinx:tag>
        <xilinx:tag xilinx:name="ui.data.coregen.dd@61742689_ARCHIVE_LOCATION">c:/Users/jenni/Downloads/ip_repo_tone</xilinx:tag>
        <xilinx:tag xilinx:name="ui.data.coregen.dd@6c45c963_ARCHIVE_LOCATION">c:/Users/jenni/Downloads/ip_repo_tone</xilinx:tag>
        <xilinx:tag xilinx:name="ui.data.coregen.dd@cd2e59a_ARCHIVE_LOCATION">c:/Users/jenni/Downloads/ip_repo_tone</xilinx:tag>
        <xilinx:tag xilinx:name="ui.data.coregen.dd@d59f665_ARCHIVE_LOCATION">c:/Users/jenni/Downloads/ip_repo_tone</xilinx:tag>
        <xilinx:tag xilinx:name="ui.data.coregen.dd@1bdf01b4_ARCHIVE_LOCATION">c:/Users/jenni/Downloads/ip_repo_tone</xilinx:tag>
        <xilinx:tag xilinx:name="ui.data.coregen.dd@11228127_ARCHIVE_LOCATION">c:/Users/jenni/Downloads/ip_repo_tone</xilinx:tag>
        <xilinx:tag xilinx:name="ui.data.coregen.dd@47a30cc5_ARCHIVE_LOCATION">c:/Users/jenni/Downloads/ip_repo_tone</xilinx:tag>
        <xilinx:tag xilinx:name="ui.data.coregen.dd@47393f39_ARCHIVE_LOCATION">c:/Users/jenni/Downloads/ip_repo_tone</xilinx:tag>
        <xilinx:tag xilinx:name="ui.data.coregen.dd@658a009b_ARCHIVE_LOCATION">c:/Users/jenni/Downloads/ip_repo_tone</xilinx:tag>
        <xilinx:tag xilinx:name="ui.data.coregen.dd@a146ab8_ARCHIVE_LOCATION">c:/Users/jenni/Downloads/ip_repo_tone</xilinx:tag>
        <xilinx:tag xilinx:name="ui.data.coregen.dd@1547219b_ARCHIVE_LOCATION">c:/Users/jenni/Downloads/ip_repo_tone</xilinx:tag>
        <xilinx:tag xilinx:name="ui.data.coregen.dd@5b777b7e_ARCHIVE_LOCATION">c:/Users/jenni/Downloads/ip_repo_tone</xilinx:tag>
        <xilinx:tag xilinx:name="ui.data.coregen.dd@363a3f9b_ARCHIVE_LOCATION">c:/Users/jenni/Downloads/ip_repo_tone</xilinx:tag>
        <xilinx:tag xilinx:name="ui.data.coregen.dd@313d2166_ARCHIVE_LOCATION">c:/Users/jenni/Downloads/ip_repo_tone</xilinx:tag>
        <xilinx:tag xilinx:name="ui.data.coregen.dd@2d9aa304_ARCHIVE_LOCATION">c:/Users/jenni/Downloads/ip_repo_tone</xilinx:tag>
        <xilinx:tag xilinx:name="ui.data.coregen.dd@2e0ee740_ARCHIVE_LOCATION">c:/Users/jenni/Downloads/ip_repo_tone</xilinx:tag>
        <xilinx:tag xilinx:name="ui.data.coregen.dd@b2e8718_ARCHIVE_LOCATION">c:/Users/jenni/Downloads/ip_repo_tone</xilinx:tag>
        <xilinx:tag xilinx:name="ui.data.coregen.dd@4c8b67c8_ARCHIVE_LOCATION">c:/Users/jenni/Downloads/ip_repo_tone</xilinx:tag>
        <xilinx:tag xilinx:name="ui.data.coregen.dd@5c6e193d_ARCHIVE_LOCATION">c:/Users/jenni/Downloads/ip_repo_tone</xilinx:tag>
        <xilinx:tag xilinx:name="ui.data.coregen.dd@dcdf176_ARCHIVE_LOCATION">c:/Users/jenni/Downloads/ip_repo_tone</xilinx:tag>
        <xilinx:tag xilinx:name="ui.data.coregen.dd@6c772a6e_ARCHIVE_LOCATION">c:/Users/jenni/Downloads/ip_repo_tone</xilinx:tag>
        <xilinx:tag xilinx:name="ui.data.coregen.dd@5aab91c8_ARCHIVE_LOCATION">c:/Users/jenni/Downloads/ip_repo_tone</xilinx:tag>
        <xilinx:tag xilinx:name="ui.data.coregen.dd@401d078e_ARCHIVE_LOCATION">c:/Users/jenni/Downloads/ip_repo_tone</xilinx:tag>
        <xilinx:tag xilinx:name="ui.data.coregen.dd@7ceac1d_ARCHIVE_LOCATION">c:/Users/jenni/Downloads/ip_repo_tone</xilinx:tag>
        <xilinx:tag xilinx:name="ui.data.coregen.dd@788a75d5_ARCHIVE_LOCATION">c:/Users/jenni/Downloads/ip_repo_tone</xilinx:tag>
        <xilinx:tag xilinx:name="ui.data.coregen.dd@1b84945b_ARCHIVE_LOCATION">c:/Users/jenni/Downloads/ip_repo_tone</xilinx:tag>
        <xilinx:tag xilinx:name="ui.data.coregen.dd@22442bed_ARCHIVE_LOCATION">c:/Users/jenni/Downloads/ip_repo_tone</xilinx:tag>
        <xilinx:tag xilinx:name="ui.data.coregen.dd@39f95510_ARCHIVE_LOCATION">c:/Users/jenni/Downloads/ip_repo_tone</xilinx:tag>
        <xilinx:tag xilinx:name="ui.data.coregen.dd@18ea80fa_ARCHIVE_LOCATION">c:/Users/jenni/Downloads/ip_repo_tone</xilinx:tag>
        <xilinx:tag xilinx:name="ui.data.coregen.dd@39482e52_ARCHIVE_LOCATION">c:/Users/jenni/Downloads/ip_repo_tone</xilinx:tag>
        <xilinx:tag xilinx:name="ui.data.coregen.dd@51b8b939_ARCHIVE_LOCATION">c:/Users/jenni/Downloads/ip_repo_tone</xilinx:tag>
        <xilinx:tag xilinx:name="ui.data.coregen.dd@4f9b2bdb_ARCHIVE_LOCATION">c:/Users/jenni/Downloads/ip_repo_tone</xilinx:tag>
        <xilinx:tag xilinx:name="ui.data.coregen.dd@1a19d2e8_ARCHIVE_LOCATION">c:/Users/jenni/Downloads/ip_repo_tone</xilinx:tag>
        <xilinx:tag xilinx:name="ui.data.coregen.dd@5e72c084_ARCHIVE_LOCATION">c:/Users/jenni/Downloads/ip_repo_tone</xilinx:tag>
        <xilinx:tag xilinx:name="ui.data.coregen.dd@4b1979a7_ARCHIVE_LOCATION">c:/Users/jenni/Downloads/ip_repo_tone</xilinx:tag>
        <xilinx:tag xilinx:name="ui.data.coregen.dd@4698c783_ARCHIVE_LOCATION">c:/Users/jenni/Downloads/ip_repo_tone</xilinx:tag>
        <xilinx:tag xilinx:name="ui.data.coregen.dd@55e6d160_ARCHIVE_LOCATION">c:/Users/jenni/Downloads/ip_repo_tone</xilinx:tag>
        <xilinx:tag xilinx:name="ui.data.coregen.dd@54478784_ARCHIVE_LOCATION">c:/Users/jenni/Downloads/ip_repo_tone</xilinx:tag>
        <xilinx:tag xilinx:name="ui.data.coregen.dd@69152668_ARCHIVE_LOCATION">c:/Users/jenni/Downloads/ip_repo_tone</xilinx:tag>
        <xilinx:tag xilinx:name="ui.data.coregen.dd@765e22f2_ARCHIVE_LOCATION">c:/Users/jenni/Downloads/ip_repo_tone</xilinx:tag>
        <xilinx:tag xilinx:name="ui.data.coregen.dd@5f66371_ARCHIVE_LOCATION">c:/Users/jenni/Downloads/ip_repo_tone</xilinx:tag>
        <xilinx:tag xilinx:name="ui.data.coregen.dd@158871e7_ARCHIVE_LOCATION">c:/Users/jenni/Downloads/ip_repo_tone</xilinx:tag>
        <xilinx:tag xilinx:name="ui.data.coregen.dd@4eb7160_ARCHIVE_LOCATION">c:/Users/jenni/Downloads/ip_repo_tone</xilinx:tag>
        <xilinx:tag xilinx:name="ui.data.coregen.dd@11a548f7_ARCHIVE_LOCATION">c:/Users/jenni/Downloads/ip_repo_tone</xilinx:tag>
        <xilinx:tag xilinx:name="ui.data.coregen.dd@550d6237_ARCHIVE_LOCATION">c:/Users/jenni/Downloads/ip_repo_tone</xilinx:tag>
        <xilinx:tag xilinx:name="ui.data.coregen.dd@6364eb09_ARCHIVE_LOCATION">c:/Users/jenni/Downloads/ip_repo_tone</xilinx:tag>
        <xilinx:tag xilinx:name="ui.data.coregen.dd@4f3f4b19_ARCHIVE_LOCATION">c:/Users/jenni/Downloads/ip_repo_tone</xilinx:tag>
        <xilinx:tag xilinx:name="ui.data.coregen.dd@5edad36b_ARCHIVE_LOCATION">c:/Users/jenni/Downloads/ip_repo_tone</xilinx:tag>
        <xilinx:tag xilinx:name="ui.data.coregen.dd@7f164cea_ARCHIVE_LOCATION">c:/Users/jenni/Downloads/ip_repo_tone</xilinx:tag>
        <xilinx:tag xilinx:name="ui.data.coregen.dd@1742f6cd_ARCHIVE_LOCATION">c:/Users/jenni/Downloads/ip_repo_tone</xilinx:tag>
        <xilinx:tag xilinx:name="ui.data.coregen.dd@c1a888d_ARCHIVE_LOCATION">c:/Users/jenni/Downloads/ip_repo_tone</xilinx:tag>
        <xilinx:tag xilinx:name="ui.data.coregen.dd@4cbba2af_ARCHIVE_LOCATION">c:/Users/jenni/Downloads/ip_repo_tone</xilinx:tag>
        <xilinx:tag xilinx:name="ui.data.coregen.dd@158b7ad9_ARCHIVE_LOCATION">c:/Users/jenni/Downloads/ip_repo_tone</xilinx:tag>
        <xilinx:tag xilinx:name="ui.data.coregen.dd@4d9a846a_ARCHIVE_LOCATION">c:/Users/jenni/Downloads/ip_repo_tone</xilinx:tag>
        <xilinx:tag xilinx:name="ui.data.coregen.dd@7b40b55e_ARCHIVE_LOCATION">c:/Users/jenni/Downloads/ip_repo_tone</xilinx:tag>
        <xilinx:tag xilinx:name="ui.data.coregen.dd@2cc9e234_ARCHIVE_LOCATION">c:/Users/jenni/Downloads/ip_repo_tone</xilinx:tag>
        <xilinx:tag xilinx:name="ui.data.coregen.dd@18dd39c6_ARCHIVE_LOCATION">c:/Users/jenni/Downloads/ip_repo_tone</xilinx:tag>
        <xilinx:tag xilinx:name="ui.data.coregen.dd@777c1322_ARCHIVE_LOCATION">c:/Users/jenni/Downloads/ip_repo_tone</xilinx:tag>
        <xilinx:tag xilinx:name="ui.data.coregen.dd@5a885616_ARCHIVE_LOCATION">c:/Users/jenni/Downloads/ip_repo_tone</xilinx:tag>
        <xilinx:tag xilinx:name="ui.data.coregen.dd@6e7b272b_ARCHIVE_LOCATION">c:/Users/jenni/Downloads/ip_repo_tone</xilinx:tag>
        <xilinx:tag xilinx:name="ui.data.coregen.dd@797657ba_ARCHIVE_LOCATION">c:/Users/jenni/Downloads/ip_repo_tone</xilinx:tag>
        <xilinx:tag xilinx:name="ui.data.coregen.dd@530089ec_ARCHIVE_LOCATION">c:/Users/jenni/Downloads/ip_repo_tone</xilinx:tag>
        <xilinx:tag xilinx:name="ui.data.coregen.dd@3c387bc6_ARCHIVE_LOCATION">c:/Users/jenni/Downloads/ip_repo_tone</xilinx:tag>
        <xilinx:tag xilinx:name="ui.data.coregen.dd@5984bdd3_ARCHIVE_LOCATION">c:/Users/jenni/Downloads/ip_repo_tone</xilinx:tag>
        <xilinx:tag xilinx:name="ui.data.coregen.dd@16999652_ARCHIVE_LOCATION">c:/Users/jenni/Downloads/ip_repo_tone</xilinx:tag>
        <xilinx:tag xilinx:name="ui.data.coregen.dd@4385c10a_ARCHIVE_LOCATION">c:/Users/jenni/Downloads/ip_repo_tone</xilinx:tag>
        <xilinx:tag xilinx:name="ui.data.coregen.dd@4e432117_ARCHIVE_LOCATION">c:/Users/jenni/Downloads/ip_repo_tone</xilinx:tag>
        <xilinx:tag xilinx:name="ui.data.coregen.dd@31c30803_ARCHIVE_LOCATION">c:/Users/jenni/Downloads/ip_repo_tone</xilinx:tag>
        <xilinx:tag xilinx:name="ui.data.coregen.dd@a05760b_ARCHIVE_LOCATION">c:/Users/jenni/Downloads/ip_repo_tone</xilinx:tag>
        <xilinx:tag xilinx:name="ui.data.coregen.dd@2ce4ab53_ARCHIVE_LOCATION">c:/Users/jenni/Downloads/ip_repo_tone</xilinx:tag>
        <xilinx:tag xilinx:name="ui.data.coregen.dd@8b9143f_ARCHIVE_LOCATION">c:/Users/jenni/Downloads/ip_repo_tone</xilinx:tag>
        <xilinx:tag xilinx:name="ui.data.coregen.dd@495dd672_ARCHIVE_LOCATION">c:/Users/jenni/Downloads/ip_repo_tone</xilinx:tag>
        <xilinx:tag xilinx:name="ui.data.coregen.dd@72155810_ARCHIVE_LOCATION">c:/Users/jenni/Downloads/ip_repo_tone</xilinx:tag>
        <xilinx:tag xilinx:name="ui.data.coregen.dd@27daa7e7_ARCHIVE_LOCATION">c:/Users/jenni/Downloads/ip_repo_tone</xilinx:tag>
        <xilinx:tag xilinx:name="ui.data.coregen.dd@3c2edeb3_ARCHIVE_LOCATION">c:/Users/jenni/Downloads/ip_repo_tone</xilinx:tag>
        <xilinx:tag xilinx:name="ui.data.coregen.dd@3e29d7ab_ARCHIVE_LOCATION">c:/Users/jenni/Downloads/ip_repo_tone</xilinx:tag>
        <xilinx:tag xilinx:name="ui.data.coregen.dd@27d60b83_ARCHIVE_LOCATION">c:/Users/jenni/Downloads/ip_repo_tone</xilinx:tag>
        <xilinx:tag xilinx:name="ui.data.coregen.dd@13476864_ARCHIVE_LOCATION">c:/Users/jenni/Downloads/ip_repo_tone</xilinx:tag>
        <xilinx:tag xilinx:name="ui.data.coregen.dd@14532605_ARCHIVE_LOCATION">c:/Users/jenni/Downloads/ip_repo_tone</xilinx:tag>
        <xilinx:tag xilinx:name="ui.data.coregen.dd@4e82cfec_ARCHIVE_LOCATION">c:/Users/jenni/Downloads/ip_repo_tone</xilinx:tag>
        <xilinx:tag xilinx:name="ui.data.coregen.dd@fa22bcb_ARCHIVE_LOCATION">c:/Users/jenni/Downloads/ip_repo_tone</xilinx:tag>
        <xilinx:tag xilinx:name="ui.data.coregen.dd@22925208_ARCHIVE_LOCATION">c:/Users/jenni/Downloads/ip_repo_tone</xilinx:tag>
        <xilinx:tag xilinx:name="ui.data.coregen.dd@10cec8fa_ARCHIVE_LOCATION">c:/Users/jenni/Downloads/ip_repo_tone</xilinx:tag>
        <xilinx:tag xilinx:name="ui.data.coregen.dd@4aaa4149_ARCHIVE_LOCATION">c:/Users/jenni/Downloads/ip_repo_tone</xilinx:tag>
        <xilinx:tag xilinx:name="ui.data.coregen.dd@6f68959d_ARCHIVE_LOCATION">c:/Users/jenni/Downloads/ip_repo_tone</xilinx:tag>
        <xilinx:tag xilinx:name="ui.data.coregen.dd@6eb977a_ARCHIVE_LOCATION">c:/Users/jenni/Downloads/ip_repo_tone</xilinx:tag>
        <xilinx:tag xilinx:name="ui.data.coregen.dd@4c7116b5_ARCHIVE_LOCATION">c:/Users/jenni/Downloads/ip_repo_tone</xilinx:tag>
        <xilinx:tag xilinx:name="ui.data.coregen.dd@6778c09a_ARCHIVE_LOCATION">c:/Users/jenni/Downloads/ip_repo_tone</xilinx:tag>
        <xilinx:tag xilinx:name="ui.data.coregen.dd@31f06764_ARCHIVE_LOCATION">c:/Users/jenni/Downloads/ip_repo_tone</xilinx:tag>
        <xilinx:tag xilinx:name="ui.data.coregen.dd@6c4c859e_ARCHIVE_LOCATION">c:/Users/jenni/Downloads/ip_repo_tone</xilinx:tag>
        <xilinx:tag xilinx:name="ui.data.coregen.dd@53a2a5be_ARCHIVE_LOCATION">c:/Users/jenni/Downloads/ip_repo_tone</xilinx:tag>
        <xilinx:tag xilinx:name="ui.data.coregen.dd@156956ba_ARCHIVE_LOCATION">c:/Users/jenni/Downloads/ip_repo_tone</xilinx:tag>
        <xilinx:tag xilinx:name="ui.data.coregen.dd@27f52d57_ARCHIVE_LOCATION">c:/Users/jenni/Downloads/ip_repo_tone</xilinx:tag>
        <xilinx:tag xilinx:name="ui.data.coregen.dd@50f71b4a_ARCHIVE_LOCATION">c:/Users/jenni/Downloads/ip_repo_tone</xilinx:tag>
        <xilinx:tag xilinx:name="ui.data.coregen.dd@58ecb419_ARCHIVE_LOCATION">c:/Users/jenni/Downloads/ip_repo_tone</xilinx:tag>
        <xilinx:tag xilinx:name="ui.data.coregen.dd@22594d48_ARCHIVE_LOCATION">c:/Users/jenni/Downloads/ip_repo_tone</xilinx:tag>
        <xilinx:tag xilinx:name="ui.data.coregen.dd@5e2d22b5_ARCHIVE_LOCATION">c:/Users/jenni/Downloads/ip_repo_tone</xilinx:tag>
      </xilinx:tags>
    </xilinx:coreExtensions>
    <xilinx:packagingInfo>
      <xilinx:xilinxVersion>2020.1</xilinx:xilinxVersion>
      <xilinx:checksum xilinx:scope="busInterfaces" xilinx:value="a88d4390"/>
      <xilinx:checksum xilinx:scope="fileGroups" xilinx:value="408fc8ce"/>
      <xilinx:checksum xilinx:scope="ports" xilinx:value="466b498a"/>
      <xilinx:checksum xilinx:scope="parameters" xilinx:value="3a33f0bf"/>
    </xilinx:packagingInfo>
  </spirit:vendorExtensions>
</spirit:component>
