<?xml version="1.0" encoding="UTF-8"?>
<spirit:component xmlns:xilinx="http://www.xilinx.com" xmlns:spirit="http://www.spiritconsortium.org/XMLSchema/SPIRIT/1685-2009" xmlns:xsi="http://www.w3.org/2001/XMLSchema-instance">
  <spirit:vendor>xilinx.com</spirit:vendor>
  <spirit:library>user</spirit:library>
  <spirit:name>adc_cont</spirit:name>
  <spirit:version>1.0</spirit:version>
  <spirit:busInterfaces>
    <spirit:busInterface>
      <spirit:name>frame</spirit:name>
      <spirit:busType spirit:vendor="xilinx.com" spirit:library="interface" spirit:name="axis" spirit:version="1.0"/>
      <spirit:abstractionType spirit:vendor="xilinx.com" spirit:library="interface" spirit:name="axis_rtl" spirit:version="1.0"/>
      <spirit:master/>
      <spirit:portMaps>
        <spirit:portMap>
          <spirit:logicalPort>
            <spirit:name>TDATA</spirit:name>
          </spirit:logicalPort>
          <spirit:physicalPort>
            <spirit:name>frame_tdata</spirit:name>
          </spirit:physicalPort>
        </spirit:portMap>
        <spirit:portMap>
          <spirit:logicalPort>
            <spirit:name>TLAST</spirit:name>
          </spirit:logicalPort>
          <spirit:physicalPort>
            <spirit:name>frame_tlast</spirit:name>
          </spirit:physicalPort>
        </spirit:portMap>
        <spirit:portMap>
          <spirit:logicalPort>
            <spirit:name>TVALID</spirit:name>
          </spirit:logicalPort>
          <spirit:physicalPort>
            <spirit:name>frame_tvalid</spirit:name>
          </spirit:physicalPort>
        </spirit:portMap>
        <spirit:portMap>
          <spirit:logicalPort>
            <spirit:name>TREADY</spirit:name>
          </spirit:logicalPort>
          <spirit:physicalPort>
            <spirit:name>frame_tready</spirit:name>
          </spirit:physicalPort>
        </spirit:portMap>
      </spirit:portMaps>
    </spirit:busInterface>
    <spirit:busInterface>
      <spirit:name>reset</spirit:name>
      <spirit:busType spirit:vendor="xilinx.com" spirit:library="signal" spirit:name="reset" spirit:version="1.0"/>
      <spirit:abstractionType spirit:vendor="xilinx.com" spirit:library="signal" spirit:name="reset_rtl" spirit:version="1.0"/>
      <spirit:slave/>
      <spirit:portMaps>
        <spirit:portMap>
          <spirit:logicalPort>
            <spirit:name>RST</spirit:name>
          </spirit:logicalPort>
          <spirit:physicalPort>
            <spirit:name>reset</spirit:name>
          </spirit:physicalPort>
        </spirit:portMap>
      </spirit:portMaps>
    </spirit:busInterface>
    <spirit:busInterface>
      <spirit:name>adc_clk</spirit:name>
      <spirit:busType spirit:vendor="xilinx.com" spirit:library="signal" spirit:name="clock" spirit:version="1.0"/>
      <spirit:abstractionType spirit:vendor="xilinx.com" spirit:library="signal" spirit:name="clock_rtl" spirit:version="1.0"/>
      <spirit:master/>
      <spirit:portMaps>
        <spirit:portMap>
          <spirit:logicalPort>
            <spirit:name>CLK</spirit:name>
          </spirit:logicalPort>
          <spirit:physicalPort>
            <spirit:name>adc_clk</spirit:name>
          </spirit:physicalPort>
        </spirit:portMap>
      </spirit:portMaps>
      <spirit:parameters>
        <spirit:parameter>
          <spirit:name>ASSOCIATED_RESET</spirit:name>
          <spirit:value spirit:id="BUSIFPARAM_VALUE.ADC_CLK.ASSOCIATED_RESET">reset</spirit:value>
        </spirit:parameter>
      </spirit:parameters>
    </spirit:busInterface>
  </spirit:busInterfaces>
  <spirit:model>
    <spirit:views>
      <spirit:view>
        <spirit:name>xilinx_anylanguagesynthesis</spirit:name>
        <spirit:displayName>Synthesis</spirit:displayName>
        <spirit:envIdentifier>:vivado.xilinx.com:synthesis</spirit:envIdentifier>
        <spirit:language>Verilog</spirit:language>
        <spirit:modelName>my_ip</spirit:modelName>
        <spirit:fileSetRef>
          <spirit:localName>xilinx_anylanguagesynthesis_xilinx_com_ip_blk_mem_gen_8_4__ref_view_fileset</spirit:localName>
        </spirit:fileSetRef>
        <spirit:fileSetRef>
          <spirit:localName>xilinx_anylanguagesynthesis_view_fileset</spirit:localName>
        </spirit:fileSetRef>
        <spirit:parameters>
          <spirit:parameter>
            <spirit:name>viewChecksum</spirit:name>
            <spirit:value>5acc7f49</spirit:value>
          </spirit:parameter>
        </spirit:parameters>
      </spirit:view>
      <spirit:view>
        <spirit:name>xilinx_anylanguagebehavioralsimulation</spirit:name>
        <spirit:displayName>Simulation</spirit:displayName>
        <spirit:envIdentifier>:vivado.xilinx.com:simulation</spirit:envIdentifier>
        <spirit:language>Verilog</spirit:language>
        <spirit:modelName>my_ip</spirit:modelName>
        <spirit:fileSetRef>
          <spirit:localName>xilinx_anylanguagebehavioralsimulation_xilinx_com_ip_blk_mem_gen_8_4__ref_view_fileset</spirit:localName>
        </spirit:fileSetRef>
        <spirit:fileSetRef>
          <spirit:localName>xilinx_anylanguagebehavioralsimulation_view_fileset</spirit:localName>
        </spirit:fileSetRef>
        <spirit:parameters>
          <spirit:parameter>
            <spirit:name>viewChecksum</spirit:name>
            <spirit:value>5acc7f49</spirit:value>
          </spirit:parameter>
        </spirit:parameters>
      </spirit:view>
      <spirit:view>
        <spirit:name>xilinx_xpgui</spirit:name>
        <spirit:displayName>UI Layout</spirit:displayName>
        <spirit:envIdentifier>:vivado.xilinx.com:xgui.ui</spirit:envIdentifier>
        <spirit:fileSetRef>
          <spirit:localName>xilinx_xpgui_view_fileset</spirit:localName>
        </spirit:fileSetRef>
        <spirit:parameters>
          <spirit:parameter>
            <spirit:name>viewChecksum</spirit:name>
            <spirit:value>f64a5dae</spirit:value>
          </spirit:parameter>
        </spirit:parameters>
      </spirit:view>
    </spirit:views>
    <spirit:ports>
      <spirit:port>
        <spirit:name>reset</spirit:name>
        <spirit:wire>
          <spirit:direction>in</spirit:direction>
          <spirit:wireTypeDefs>
            <spirit:wireTypeDef>
              <spirit:typeName>wire</spirit:typeName>
              <spirit:viewNameRef>xilinx_anylanguagesynthesis</spirit:viewNameRef>
              <spirit:viewNameRef>xilinx_anylanguagebehavioralsimulation</spirit:viewNameRef>
            </spirit:wireTypeDef>
          </spirit:wireTypeDefs>
        </spirit:wire>
      </spirit:port>
      <spirit:port>
        <spirit:name>adc_cs</spirit:name>
        <spirit:wire>
          <spirit:direction>out</spirit:direction>
          <spirit:wireTypeDefs>
            <spirit:wireTypeDef>
              <spirit:typeName>wire</spirit:typeName>
              <spirit:viewNameRef>xilinx_anylanguagesynthesis</spirit:viewNameRef>
              <spirit:viewNameRef>xilinx_anylanguagebehavioralsimulation</spirit:viewNameRef>
            </spirit:wireTypeDef>
          </spirit:wireTypeDefs>
        </spirit:wire>
      </spirit:port>
      <spirit:port>
        <spirit:name>adc_clk</spirit:name>
        <spirit:wire>
          <spirit:direction>out</spirit:direction>
          <spirit:wireTypeDefs>
            <spirit:wireTypeDef>
              <spirit:typeName>wire</spirit:typeName>
              <spirit:viewNameRef>xilinx_anylanguagesynthesis</spirit:viewNameRef>
              <spirit:viewNameRef>xilinx_anylanguagebehavioralsimulation</spirit:viewNameRef>
            </spirit:wireTypeDef>
          </spirit:wireTypeDefs>
        </spirit:wire>
      </spirit:port>
      <spirit:port>
        <spirit:name>adc_sd</spirit:name>
        <spirit:wire>
          <spirit:direction>in</spirit:direction>
          <spirit:wireTypeDefs>
            <spirit:wireTypeDef>
              <spirit:typeName>wire</spirit:typeName>
              <spirit:viewNameRef>xilinx_anylanguagesynthesis</spirit:viewNameRef>
              <spirit:viewNameRef>xilinx_anylanguagebehavioralsimulation</spirit:viewNameRef>
            </spirit:wireTypeDef>
          </spirit:wireTypeDefs>
        </spirit:wire>
      </spirit:port>
      <spirit:port>
        <spirit:name>clk_16MHz</spirit:name>
        <spirit:wire>
          <spirit:direction>in</spirit:direction>
          <spirit:wireTypeDefs>
            <spirit:wireTypeDef>
              <spirit:typeName>wire</spirit:typeName>
              <spirit:viewNameRef>xilinx_anylanguagesynthesis</spirit:viewNameRef>
              <spirit:viewNameRef>xilinx_anylanguagebehavioralsimulation</spirit:viewNameRef>
            </spirit:wireTypeDef>
          </spirit:wireTypeDefs>
        </spirit:wire>
      </spirit:port>
      <spirit:port>
        <spirit:name>clk_100MHz</spirit:name>
        <spirit:wire>
          <spirit:direction>in</spirit:direction>
          <spirit:wireTypeDefs>
            <spirit:wireTypeDef>
              <spirit:typeName>wire</spirit:typeName>
              <spirit:viewNameRef>xilinx_anylanguagesynthesis</spirit:viewNameRef>
              <spirit:viewNameRef>xilinx_anylanguagebehavioralsimulation</spirit:viewNameRef>
            </spirit:wireTypeDef>
          </spirit:wireTypeDefs>
        </spirit:wire>
      </spirit:port>
      <spirit:port>
        <spirit:name>frame_tdata</spirit:name>
        <spirit:wire>
          <spirit:direction>out</spirit:direction>
          <spirit:vector>
            <spirit:left spirit:format="long">31</spirit:left>
            <spirit:right spirit:format="long">0</spirit:right>
          </spirit:vector>
          <spirit:wireTypeDefs>
            <spirit:wireTypeDef>
              <spirit:typeName>wire</spirit:typeName>
              <spirit:viewNameRef>xilinx_anylanguagesynthesis</spirit:viewNameRef>
              <spirit:viewNameRef>xilinx_anylanguagebehavioralsimulation</spirit:viewNameRef>
            </spirit:wireTypeDef>
          </spirit:wireTypeDefs>
        </spirit:wire>
      </spirit:port>
      <spirit:port>
        <spirit:name>frame_tlast</spirit:name>
        <spirit:wire>
          <spirit:direction>out</spirit:direction>
          <spirit:wireTypeDefs>
            <spirit:wireTypeDef>
              <spirit:typeName>wire</spirit:typeName>
              <spirit:viewNameRef>xilinx_anylanguagesynthesis</spirit:viewNameRef>
              <spirit:viewNameRef>xilinx_anylanguagebehavioralsimulation</spirit:viewNameRef>
            </spirit:wireTypeDef>
          </spirit:wireTypeDefs>
        </spirit:wire>
      </spirit:port>
      <spirit:port>
        <spirit:name>frame_tvalid</spirit:name>
        <spirit:wire>
          <spirit:direction>out</spirit:direction>
          <spirit:wireTypeDefs>
            <spirit:wireTypeDef>
              <spirit:typeName>wire</spirit:typeName>
              <spirit:viewNameRef>xilinx_anylanguagesynthesis</spirit:viewNameRef>
              <spirit:viewNameRef>xilinx_anylanguagebehavioralsimulation</spirit:viewNameRef>
            </spirit:wireTypeDef>
          </spirit:wireTypeDefs>
        </spirit:wire>
      </spirit:port>
      <spirit:port>
        <spirit:name>frame_tready</spirit:name>
        <spirit:wire>
          <spirit:direction>in</spirit:direction>
          <spirit:wireTypeDefs>
            <spirit:wireTypeDef>
              <spirit:typeName>wire</spirit:typeName>
              <spirit:viewNameRef>xilinx_anylanguagesynthesis</spirit:viewNameRef>
              <spirit:viewNameRef>xilinx_anylanguagebehavioralsimulation</spirit:viewNameRef>
            </spirit:wireTypeDef>
          </spirit:wireTypeDefs>
          <spirit:driver>
            <spirit:defaultValue spirit:format="long">1</spirit:defaultValue>
          </spirit:driver>
        </spirit:wire>
      </spirit:port>
      <spirit:port>
        <spirit:name>last_missing</spirit:name>
        <spirit:wire>
          <spirit:direction>in</spirit:direction>
          <spirit:wireTypeDefs>
            <spirit:wireTypeDef>
              <spirit:typeName>wire</spirit:typeName>
              <spirit:viewNameRef>xilinx_anylanguagesynthesis</spirit:viewNameRef>
              <spirit:viewNameRef>xilinx_anylanguagebehavioralsimulation</spirit:viewNameRef>
            </spirit:wireTypeDef>
          </spirit:wireTypeDefs>
        </spirit:wire>
      </spirit:port>
    </spirit:ports>
  </spirit:model>
  <spirit:fileSets>
    <spirit:fileSet>
      <spirit:name>xilinx_anylanguagesynthesis_view_fileset</spirit:name>
      <spirit:file>
        <spirit:name>src/bram_frame/bram_frame.xci</spirit:name>
        <spirit:userFileType>xci</spirit:userFileType>
        <spirit:userFileType>IMPORTED_FILE</spirit:userFileType>
        <spirit:isIncludeFile>true</spirit:isIncludeFile>
      </spirit:file>
      <spirit:file>
        <spirit:name>src/mic_decim.v</spirit:name>
        <spirit:fileType>verilogSource</spirit:fileType>
        <spirit:userFileType>IMPORTED_FILE</spirit:userFileType>
        <spirit:isIncludeFile>true</spirit:isIncludeFile>
      </spirit:file>
      <spirit:file>
        <spirit:name>src/top.v</spirit:name>
        <spirit:fileType>verilogSource</spirit:fileType>
        <spirit:userFileType>CHECKSUM_004e7109</spirit:userFileType>
        <spirit:userFileType>IMPORTED_FILE</spirit:userFileType>
        <spirit:isIncludeFile>true</spirit:isIncludeFile>
      </spirit:file>
      <spirit:file>
        <spirit:name>../../../../Users/jenni/OneDrive/Desktop/mic_decim/project_1/project_1.srcs/sources_1/ip/bram_frame/bram_frame.xci</spirit:name>
        <spirit:userFileType>xci</spirit:userFileType>
      </spirit:file>
      <spirit:file>
        <spirit:name>../../../../Users/jenni/OneDrive/Desktop/mic_decim/project_1/project_1.srcs/sources_1/new/mic_decim.v</spirit:name>
        <spirit:fileType>verilogSource</spirit:fileType>
      </spirit:file>
      <spirit:file>
        <spirit:name>../../../../Users/jenni/OneDrive/Desktop/mic_decim/project_1/project_1.srcs/sources_1/new/top.v</spirit:name>
        <spirit:fileType>verilogSource</spirit:fileType>
        <spirit:userFileType>CHECKSUM_74a4ff7c</spirit:userFileType>
      </spirit:file>
    </spirit:fileSet>
    <spirit:fileSet>
      <spirit:name>xilinx_anylanguagesynthesis_xilinx_com_ip_blk_mem_gen_8_4__ref_view_fileset</spirit:name>
      <spirit:vendorExtensions>
        <xilinx:subCoreRef>
          <xilinx:componentRef xsi:type="xilinx:componentRefType" xilinx:vendor="xilinx.com" xilinx:library="ip" xilinx:name="blk_mem_gen" xilinx:version="8.4">
            <xilinx:mode xilinx:name="create_mode"/>
          </xilinx:componentRef>
        </xilinx:subCoreRef>
      </spirit:vendorExtensions>
    </spirit:fileSet>
    <spirit:fileSet>
      <spirit:name>xilinx_anylanguagebehavioralsimulation_view_fileset</spirit:name>
      <spirit:file>
        <spirit:name>src/bram_frame/bram_frame.xci</spirit:name>
        <spirit:userFileType>xci</spirit:userFileType>
        <spirit:userFileType>IMPORTED_FILE</spirit:userFileType>
        <spirit:isIncludeFile>true</spirit:isIncludeFile>
      </spirit:file>
      <spirit:file>
        <spirit:name>src/mic_decim.v</spirit:name>
        <spirit:fileType>verilogSource</spirit:fileType>
        <spirit:userFileType>IMPORTED_FILE</spirit:userFileType>
        <spirit:isIncludeFile>true</spirit:isIncludeFile>
      </spirit:file>
      <spirit:file>
        <spirit:name>src/top.v</spirit:name>
        <spirit:fileType>verilogSource</spirit:fileType>
        <spirit:userFileType>IMPORTED_FILE</spirit:userFileType>
        <spirit:isIncludeFile>true</spirit:isIncludeFile>
      </spirit:file>
      <spirit:file>
        <spirit:name>../../../../Users/jenni/OneDrive/Desktop/mic_decim/project_1/project_1.srcs/sources_1/ip/bram_frame/bram_frame.xci</spirit:name>
        <spirit:userFileType>xci</spirit:userFileType>
      </spirit:file>
      <spirit:file>
        <spirit:name>../../../../Users/jenni/OneDrive/Desktop/mic_decim/project_1/project_1.srcs/sources_1/new/mic_decim.v</spirit:name>
        <spirit:fileType>verilogSource</spirit:fileType>
      </spirit:file>
      <spirit:file>
        <spirit:name>../../../../Users/jenni/OneDrive/Desktop/mic_decim/project_1/project_1.srcs/sources_1/new/top.v</spirit:name>
        <spirit:fileType>verilogSource</spirit:fileType>
      </spirit:file>
    </spirit:fileSet>
    <spirit:fileSet>
      <spirit:name>xilinx_anylanguagebehavioralsimulation_xilinx_com_ip_blk_mem_gen_8_4__ref_view_fileset</spirit:name>
      <spirit:vendorExtensions>
        <xilinx:subCoreRef>
          <xilinx:componentRef xilinx:vendor="xilinx.com" xilinx:library="ip" xilinx:name="blk_mem_gen" xilinx:version="8.4">
            <xilinx:mode xilinx:name="create_mode"/>
          </xilinx:componentRef>
        </xilinx:subCoreRef>
      </spirit:vendorExtensions>
    </spirit:fileSet>
    <spirit:fileSet>
      <spirit:name>xilinx_xpgui_view_fileset</spirit:name>
      <spirit:file>
        <spirit:name>xgui/adc_cont_v1_0.tcl</spirit:name>
        <spirit:fileType>tclSource</spirit:fileType>
        <spirit:userFileType>CHECKSUM_f64a5dae</spirit:userFileType>
        <spirit:userFileType>XGUI_VERSION_2</spirit:userFileType>
      </spirit:file>
    </spirit:fileSet>
  </spirit:fileSets>
  <spirit:description>adc_cont</spirit:description>
  <spirit:parameters>
    <spirit:parameter>
      <spirit:name>Component_Name</spirit:name>
      <spirit:value spirit:resolve="user" spirit:id="PARAM_VALUE.Component_Name" spirit:order="1">top_v1_0</spirit:value>
    </spirit:parameter>
  </spirit:parameters>
  <spirit:vendorExtensions>
    <xilinx:coreExtensions>
      <xilinx:supportedFamilies>
        <xilinx:family xilinx:lifeCycle="Production">virtex7</xilinx:family>
        <xilinx:family xilinx:lifeCycle="Production">qvirtex7</xilinx:family>
        <xilinx:family xilinx:lifeCycle="Production">kintex7</xilinx:family>
        <xilinx:family xilinx:lifeCycle="Production">kintex7l</xilinx:family>
        <xilinx:family xilinx:lifeCycle="Production">qkintex7</xilinx:family>
        <xilinx:family xilinx:lifeCycle="Production">qkintex7l</xilinx:family>
        <xilinx:family xilinx:lifeCycle="Production">akintex7</xilinx:family>
        <xilinx:family xilinx:lifeCycle="Production">artix7</xilinx:family>
        <xilinx:family xilinx:lifeCycle="Production">artix7l</xilinx:family>
        <xilinx:family xilinx:lifeCycle="Production">aartix7</xilinx:family>
        <xilinx:family xilinx:lifeCycle="Production">qartix7</xilinx:family>
        <xilinx:family xilinx:lifeCycle="Production">zynq</xilinx:family>
        <xilinx:family xilinx:lifeCycle="Production">spartan7</xilinx:family>
        <xilinx:family xilinx:lifeCycle="Production">aspartan7</xilinx:family>
        <xilinx:family xilinx:lifeCycle="Production">virtexuplus</xilinx:family>
        <xilinx:family xilinx:lifeCycle="Production">virtexuplusHBM</xilinx:family>
        <xilinx:family xilinx:lifeCycle="Production">zynquplus</xilinx:family>
        <xilinx:family xilinx:lifeCycle="Production">kintexu</xilinx:family>
      </xilinx:supportedFamilies>
      <xilinx:taxonomies>
        <xilinx:taxonomy>/UserIP</xilinx:taxonomy>
      </xilinx:taxonomies>
      <xilinx:displayName>adc_cont</xilinx:displayName>
      <xilinx:definitionSource>package_project</xilinx:definitionSource>
      <xilinx:xpmLibraries>
        <xilinx:xpmLibrary>XPM_MEMORY</xilinx:xpmLibrary>
      </xilinx:xpmLibraries>
      <xilinx:coreRevision>9</xilinx:coreRevision>
      <xilinx:coreCreationDateTime>2025-04-07T02:24:48Z</xilinx:coreCreationDateTime>
      <xilinx:tags>
        <xilinx:tag xilinx:name="ui.data.coregen.dd@f00e79b_ARCHIVE_LOCATION">c:/users/jenni/downloads/ip_repo_2</xilinx:tag>
        <xilinx:tag xilinx:name="ui.data.coregen.dd@11dadfc4_ARCHIVE_LOCATION">c:/users/jenni/downloads/ip_repo_2</xilinx:tag>
        <xilinx:tag xilinx:name="ui.data.coregen.dd@2dcda950_ARCHIVE_LOCATION">c:/users/jenni/downloads/ip_repo_2</xilinx:tag>
        <xilinx:tag xilinx:name="ui.data.coregen.dd@27cd0c89_ARCHIVE_LOCATION">c:/users/jenni/downloads/ip_repo_2</xilinx:tag>
        <xilinx:tag xilinx:name="ui.data.coregen.dd@1cdf27bd_ARCHIVE_LOCATION">c:/users/jenni/downloads/ip_repo_2</xilinx:tag>
        <xilinx:tag xilinx:name="ui.data.coregen.dd@6717233a_ARCHIVE_LOCATION">c:/users/jenni/downloads/ip_repo_2</xilinx:tag>
        <xilinx:tag xilinx:name="ui.data.coregen.dd@32d89b5c_ARCHIVE_LOCATION">c:/users/jenni/downloads/ip_repo_2</xilinx:tag>
        <xilinx:tag xilinx:name="ui.data.coregen.dd@66f09351_ARCHIVE_LOCATION">c:/users/jenni/downloads/ip_repo_2</xilinx:tag>
        <xilinx:tag xilinx:name="ui.data.coregen.dd@53085cac_ARCHIVE_LOCATION">c:/users/jenni/downloads/ip_repo_2</xilinx:tag>
        <xilinx:tag xilinx:name="ui.data.coregen.dd@25bff5d7_ARCHIVE_LOCATION">c:/users/jenni/downloads/ip_repo_2</xilinx:tag>
        <xilinx:tag xilinx:name="ui.data.coregen.dd@55506ddd_ARCHIVE_LOCATION">c:/users/jenni/downloads/ip_repo_2</xilinx:tag>
        <xilinx:tag xilinx:name="ui.data.coregen.dd@2c4d2748_ARCHIVE_LOCATION">c:/users/jenni/downloads/ip_repo_2</xilinx:tag>
        <xilinx:tag xilinx:name="ui.data.coregen.dd@16eb392b_ARCHIVE_LOCATION">c:/users/jenni/downloads/ip_repo_2</xilinx:tag>
        <xilinx:tag xilinx:name="ui.data.coregen.dd@466b4c7c_ARCHIVE_LOCATION">c:/users/jenni/downloads/ip_repo_2</xilinx:tag>
        <xilinx:tag xilinx:name="ui.data.coregen.dd@4a744e49_ARCHIVE_LOCATION">c:/users/jenni/downloads/ip_repo_2</xilinx:tag>
        <xilinx:tag xilinx:name="ui.data.coregen.dd@703f182e_ARCHIVE_LOCATION">c:/users/jenni/downloads/ip_repo_2</xilinx:tag>
        <xilinx:tag xilinx:name="ui.data.coregen.dd@65b82fb4_ARCHIVE_LOCATION">c:/users/jenni/downloads/ip_repo_2</xilinx:tag>
        <xilinx:tag xilinx:name="ui.data.coregen.dd@78627247_ARCHIVE_LOCATION">c:/users/jenni/downloads/ip_repo_2</xilinx:tag>
        <xilinx:tag xilinx:name="ui.data.coregen.dd@e3fb552_ARCHIVE_LOCATION">c:/users/jenni/downloads/ip_repo_2</xilinx:tag>
        <xilinx:tag xilinx:name="ui.data.coregen.dd@2e3437ed_ARCHIVE_LOCATION">c:/users/jenni/downloads/ip_repo_2</xilinx:tag>
        <xilinx:tag xilinx:name="ui.data.coregen.dd@43944a2d_ARCHIVE_LOCATION">c:/users/jenni/downloads/ip_repo_2</xilinx:tag>
        <xilinx:tag xilinx:name="ui.data.coregen.dd@4560f55f_ARCHIVE_LOCATION">c:/users/jenni/downloads/ip_repo_2</xilinx:tag>
        <xilinx:tag xilinx:name="ui.data.coregen.dd@8b80127_ARCHIVE_LOCATION">c:/users/jenni/downloads/ip_repo_2</xilinx:tag>
        <xilinx:tag xilinx:name="ui.data.coregen.dd@7330b246_ARCHIVE_LOCATION">c:/users/jenni/downloads/ip_repo_2</xilinx:tag>
        <xilinx:tag xilinx:name="ui.data.coregen.dd@3d2564ba_ARCHIVE_LOCATION">c:/users/jenni/downloads/ip_repo_2</xilinx:tag>
        <xilinx:tag xilinx:name="ui.data.coregen.dd@1ffc08bf_ARCHIVE_LOCATION">c:/users/jenni/downloads/ip_repo_2</xilinx:tag>
        <xilinx:tag xilinx:name="ui.data.coregen.dd@3f7aff5_ARCHIVE_LOCATION">c:/users/jenni/downloads/ip_repo_2</xilinx:tag>
        <xilinx:tag xilinx:name="ui.data.coregen.dd@12b22368_ARCHIVE_LOCATION">c:/users/jenni/downloads/ip_repo_2</xilinx:tag>
        <xilinx:tag xilinx:name="ui.data.coregen.dd@11867ea3_ARCHIVE_LOCATION">c:/users/jenni/downloads/ip_repo_2</xilinx:tag>
        <xilinx:tag xilinx:name="ui.data.coregen.dd@1dd854a2_ARCHIVE_LOCATION">c:/users/jenni/downloads/ip_repo_2</xilinx:tag>
        <xilinx:tag xilinx:name="ui.data.coregen.dd@21a17edb_ARCHIVE_LOCATION">c:/users/jenni/downloads/ip_repo_2</xilinx:tag>
        <xilinx:tag xilinx:name="ui.data.coregen.dd@30f6c926_ARCHIVE_LOCATION">c:/users/jenni/downloads/ip_repo_2</xilinx:tag>
        <xilinx:tag xilinx:name="ui.data.coregen.dd@1de68def_ARCHIVE_LOCATION">c:/users/jenni/downloads/ip_repo_2</xilinx:tag>
        <xilinx:tag xilinx:name="ui.data.coregen.dd@5b55c10e_ARCHIVE_LOCATION">c:/users/jenni/downloads/ip_repo_2</xilinx:tag>
        <xilinx:tag xilinx:name="ui.data.coregen.dd@19dd0e67_ARCHIVE_LOCATION">c:/users/jenni/downloads/ip_repo_2</xilinx:tag>
        <xilinx:tag xilinx:name="ui.data.coregen.dd@61f702f_ARCHIVE_LOCATION">c:/users/jenni/downloads/ip_repo_2</xilinx:tag>
        <xilinx:tag xilinx:name="ui.data.coregen.dd@4fdd49c4_ARCHIVE_LOCATION">c:/users/jenni/downloads/ip_repo_2</xilinx:tag>
        <xilinx:tag xilinx:name="ui.data.coregen.dd@1743de18_ARCHIVE_LOCATION">c:/users/jenni/downloads/ip_repo_2</xilinx:tag>
        <xilinx:tag xilinx:name="ui.data.coregen.dd@2ff74964_ARCHIVE_LOCATION">c:/users/jenni/downloads/ip_repo_2</xilinx:tag>
        <xilinx:tag xilinx:name="ui.data.coregen.dd@1ca3b82e_ARCHIVE_LOCATION">c:/users/jenni/downloads/ip_repo_2</xilinx:tag>
        <xilinx:tag xilinx:name="ui.data.coregen.dd@2f727bca_ARCHIVE_LOCATION">c:/users/jenni/downloads/ip_repo_2</xilinx:tag>
        <xilinx:tag xilinx:name="ui.data.coregen.dd@2992d610_ARCHIVE_LOCATION">c:/users/jenni/downloads/ip_repo_2</xilinx:tag>
        <xilinx:tag xilinx:name="ui.data.coregen.dd@4978ce1f_ARCHIVE_LOCATION">c:/users/jenni/downloads/ip_repo_2</xilinx:tag>
        <xilinx:tag xilinx:name="ui.data.coregen.dd@31760776_ARCHIVE_LOCATION">c:/users/jenni/downloads/ip_repo_2</xilinx:tag>
        <xilinx:tag xilinx:name="ui.data.coregen.dd@31d359e8_ARCHIVE_LOCATION">c:/users/jenni/downloads/ip_repo_2</xilinx:tag>
        <xilinx:tag xilinx:name="ui.data.coregen.dd@7302d6a1_ARCHIVE_LOCATION">c:/users/jenni/downloads/ip_repo_2</xilinx:tag>
        <xilinx:tag xilinx:name="ui.data.coregen.dd@40196c91_ARCHIVE_LOCATION">c:/users/jenni/downloads/ip_repo_2</xilinx:tag>
        <xilinx:tag xilinx:name="ui.data.coregen.dd@5dbd910a_ARCHIVE_LOCATION">c:/users/jenni/downloads/ip_repo_2</xilinx:tag>
        <xilinx:tag xilinx:name="ui.data.coregen.dd@4d03f5c4_ARCHIVE_LOCATION">c:/users/jenni/downloads/ip_repo_2</xilinx:tag>
        <xilinx:tag xilinx:name="ui.data.coregen.dd@7a1f1c75_ARCHIVE_LOCATION">c:/users/jenni/downloads/ip_repo_2</xilinx:tag>
        <xilinx:tag xilinx:name="ui.data.coregen.dd@56a1da8d_ARCHIVE_LOCATION">c:/Users/jenni/Downloads/ip_repo_2</xilinx:tag>
        <xilinx:tag xilinx:name="ui.data.coregen.dd@108e758f_ARCHIVE_LOCATION">c:/Users/jenni/Downloads/ip_repo_2</xilinx:tag>
        <xilinx:tag xilinx:name="ui.data.coregen.dd@3271a7e6_ARCHIVE_LOCATION">c:/Users/jenni/Downloads/ip_repo_2</xilinx:tag>
        <xilinx:tag xilinx:name="ui.data.coregen.dd@2ca0cde7_ARCHIVE_LOCATION">c:/Users/jenni/Downloads/ip_repo_2</xilinx:tag>
        <xilinx:tag xilinx:name="ui.data.coregen.dd@38958a65_ARCHIVE_LOCATION">c:/Users/jenni/Downloads/ip_repo_2</xilinx:tag>
        <xilinx:tag xilinx:name="ui.data.coregen.dd@5f7ea646_ARCHIVE_LOCATION">c:/Users/jenni/Downloads/ip_repo_2</xilinx:tag>
        <xilinx:tag xilinx:name="ui.data.coregen.dd@1377e046_ARCHIVE_LOCATION">c:/Users/jenni/Downloads/ip_repo_2</xilinx:tag>
        <xilinx:tag xilinx:name="ui.data.coregen.dd@5f7888a4_ARCHIVE_LOCATION">c:/Users/jenni/Downloads/ip_repo_2</xilinx:tag>
        <xilinx:tag xilinx:name="ui.data.coregen.dd@449c3531_ARCHIVE_LOCATION">c:/Users/jenni/Downloads/ip_repo_2</xilinx:tag>
        <xilinx:tag xilinx:name="ui.data.coregen.dd@76453d63_ARCHIVE_LOCATION">c:/Users/jenni/Downloads/ip_repo_2</xilinx:tag>
        <xilinx:tag xilinx:name="ui.data.coregen.dd@2f733c14_ARCHIVE_LOCATION">c:/Users/jenni/Downloads/ip_repo_2</xilinx:tag>
        <xilinx:tag xilinx:name="ui.data.coregen.dd@4ef1a883_ARCHIVE_LOCATION">c:/Users/jenni/Downloads/ip_repo_2</xilinx:tag>
        <xilinx:tag xilinx:name="ui.data.coregen.dd@21680618_ARCHIVE_LOCATION">c:/Users/jenni/Downloads/ip_repo_2</xilinx:tag>
        <xilinx:tag xilinx:name="ui.data.coregen.dd@50d57346_ARCHIVE_LOCATION">c:/Users/jenni/Downloads/ip_repo_2</xilinx:tag>
        <xilinx:tag xilinx:name="ui.data.coregen.dd@7d6df1eb_ARCHIVE_LOCATION">c:/Users/jenni/Downloads/ip_repo_2</xilinx:tag>
        <xilinx:tag xilinx:name="ui.data.coregen.dd@32ef33b8_ARCHIVE_LOCATION">c:/Users/jenni/Downloads/ip_repo_2</xilinx:tag>
        <xilinx:tag xilinx:name="ui.data.coregen.dd@6b1b8871_ARCHIVE_LOCATION">c:/Users/jenni/Downloads/ip_repo_2</xilinx:tag>
        <xilinx:tag xilinx:name="ui.data.coregen.dd@53b41d31_ARCHIVE_LOCATION">c:/Users/jenni/Downloads/ip_repo_2</xilinx:tag>
        <xilinx:tag xilinx:name="ui.data.coregen.dd@2a27cf21_ARCHIVE_LOCATION">c:/Users/jenni/Downloads/ip_repo_2</xilinx:tag>
        <xilinx:tag xilinx:name="ui.data.coregen.dd@3f90e165_ARCHIVE_LOCATION">c:/Users/jenni/Downloads/ip_repo_2</xilinx:tag>
        <xilinx:tag xilinx:name="ui.data.coregen.dd@14415ce_ARCHIVE_LOCATION">c:/Users/jenni/Downloads/ip_repo_2</xilinx:tag>
        <xilinx:tag xilinx:name="ui.data.coregen.dd@798546a4_ARCHIVE_LOCATION">c:/Users/jenni/Downloads/ip_repo_2</xilinx:tag>
        <xilinx:tag xilinx:name="ui.data.coregen.dd@5aac89b2_ARCHIVE_LOCATION">c:/Users/jenni/Downloads/ip_repo_2</xilinx:tag>
      </xilinx:tags>
    </xilinx:coreExtensions>
    <xilinx:packagingInfo>
      <xilinx:xilinxVersion>2020.1</xilinx:xilinxVersion>
      <xilinx:checksum xilinx:scope="busInterfaces" xilinx:value="2123fea4"/>
      <xilinx:checksum xilinx:scope="fileGroups" xilinx:value="27a39f97"/>
      <xilinx:checksum xilinx:scope="ports" xilinx:value="73f1ef44"/>
      <xilinx:checksum xilinx:scope="parameters" xilinx:value="e1efc7d9"/>
    </xilinx:packagingInfo>
  </spirit:vendorExtensions>
</spirit:component>
